1, 1.513E+0, 1.509E-5, 4.882E-3, 1.426E+1, -3.163E-2, 2.426E-2
2, 1.331E+0, 2.567E-5, 4.821E-3, 1.143E+1, -2.959E-2, 2.160E-2
3, 1.253E+0, 1.304E-5, 6.617E-3, 9.888E+0, -3.302E-2, 2.482E-2
4, 1.206E+0, 6.679E-6, 9.973E-3, 9.308E+0, -4.437E-2, 3.308E-2
5, 1.210E+0, 3.932E-6, 1.366E-2, 8.912E+0, -5.541E-2, 3.989E-2
6, 1.206E+0, 2.610E-6, 1.764E-2, 8.570E+0, -6.750E-2, 4.667E-2
7, 1.196E+0, 1.864E-6, 2.295E-2, 8.271E+0, -8.227E-2, 5.777E-2
8, 1.188E+0, 1.399E-6, 2.577E-2, 8.009E+0, -8.980E-2, 5.708E-2
9, 1.178E+0, 1.089E-6, 3.046E-2, 7.778E+0, -1.051E-1, 6.340E-2
10, 1.164E+0, 8.717E-7, 3.522E-2, 7.570E+0, -1.199E-1, 6.906E-2
11, 1.164E+0, 6.870E-7, 4.274E-2, 7.445E+0, -1.466E-1, 8.146E-2, 1.518E+0, 4.881E-6, 1.290E-2, 1.156E+1, -6.870E-2, 4.395E-2
12, 1.156E+0, 5.524E-7, 4.856E-2, 7.331E+0, -1.649E-1, 8.554E-2, 1.387E+0, 4.069E-6, 1.409E-2, 1.100E+1, -7.484E-2, 4.587E-2, 1.016E+0, 1.375E-5, 7.356E-3, 9.280E+0, -4.254E-2, 2.784E-2, 1.014E+0, 2.768E-5, 7.528E-3, 9.282E+0, -4.014E-2, 2.894E-2
13, 1.146E+0, 4.506E-7, 5.507E-2, 7.234E+0, -1.831E-1, 8.972E-2, 1.315E+0, 3.316E-6, 1.560E-2, 1.068E+1, -7.772E-2, 4.758E-2, 1.017E+0, 1.048E-5, 8.418E-3, 8.985E+0, -4.279E-2, 2.994E-2, 1.015E+0, 2.111E-5, 8.386E-3, 8.987E+0, -3.872E-2, 2.986E-2
14, 1.136E+0, 3.743E-7, 6.205E-2, 7.142E+0, -2.066E-1, 9.527E-2, 1.252E+0, 2.749E-6, 1.736E-2, 1.043E+1, -8.262E-2, 5.026E-2, 9.997E-1, 8.300E-6, 9.557E-3, 8.738E+0, -4.620E-2, 3.241E-2, 9.982E-1, 1.674E-5, 9.489E-3, 8.740E+0, -4.121E-2, 3.218E-2
15, 1.127E+0, 3.156E-7, 7.222E-2, 7.057E+0, -2.434E-1, 1.106E-1, 1.205E+0, 2.315E-6, 1.938E-2, 1.022E+1, -8.912E-2, 5.407E-2, 9.774E-1, 6.758E-6, 1.055E-2, 8.521E+0, -4.725E-2, 3.392E-2, 9.786E-1, 1.364E-5, 1.032E-2, 8.522E+0, -4.071E-2, 3.296E-2
16, 1.114E+0, 2.695E-7, 8.037E-2, 6.975E+0, -2.722E-1, 1.174E-1, 1.169E+0, 1.975E-6, 2.108E-2, 1.003E+1, -9.275E-2, 5.564E-2, 9.601E-1, 5.619E-6, 1.158E-2, 8.329E+0, -5.075E-2, 3.549E-2, 9.592E-1, 1.135E-5, 1.145E-2, 8.330E+0, -4.370E-2, 3.506E-2
17, 1.093E+0, 2.327E-7, 8.711E-2, 6.899E+0, -2.977E-1, 1.188E-1, 1.136E+0, 1.705E-6, 2.306E-2, 9.864E+0, -9.774E-2, 5.833E-2, 9.441E-1, 4.751E-6, 1.273E-2, 8.155E+0, -5.383E-2, 3.751E-2, 9.431E-1, 9.611E-6, 1.247E-2, 8.155E+0, -4.470E-2, 3.649E-2
18, 1.075E+0, 2.028E-7, 1.030E-1, 6.828E+0, -3.568E-1, 1.494E-1, 1.109E+0, 1.485E-6, 2.513E-2, 9.712E+0, -1.043E-1, 6.119E-2, 9.295E-1, 4.072E-6, 1.387E-2, 7.996E+0, -5.747E-2, 3.942E-2, 9.277E-1, 8.248E-6, 1.357E-2, 7.996E+0, -4.683E-2, 3.816E-2
19, 1.053E+0, 1.773E-7, 1.086E-1, 6.764E+0, -3.707E-1, 1.430E-1, 1.093E+0, 1.268E-6, 2.762E-2, 9.561E+0, -1.111E-1, 6.467E-2, 9.401E-1, 3.294E-6, 1.586E-2, 7.926E+0, -6.340E-2, 4.308E-2, 9.380E-1, 6.680E-6, 1.543E-2, 7.924E+0, -4.925E-2, 4.132E-2
20, 1.032E+0, 1.560E-7, 1.290E-1, 6.713E+0, -4.398E-1, 1.824E-1, 1.115E+0, 1.090E-6, 2.953E-2, 9.325E+0, -1.167E-1, 6.593E-2, 9.899E-1, 2.525E-6, 1.954E-2, 7.970E+0, -7.924E-2, 5.084E-2, 9.881E-1, 5.118E-6, 1.901E-2, 7.970E+0, -6.268E-2, 4.876E-2, 1.840E+0, 3.696E-6, 1.669E-2, 1.392E+1, -1.004E-1, 6.193E-2
21, 1.012E+0, 1.387E-7, 1.461E-1, 6.656E+0, -5.033E-1, 2.114E-1, 1.106E+0, 9.665E-7, 3.157E-2, 9.170E+0, -1.219E-1, 6.769E-2, 9.927E-1, 2.161E-6, 2.172E-2, 7.884E+0, -8.635E-2, 5.473E-2, 9.909E-1, 4.385E-6, 2.108E-2, 7.884E+0, -6.784E-2, 5.226E-2, 1.820E+0, 3.438E-6, 1.706E-2, 1.328E+1, -9.937E-2, 6.144E-2
22, 9.790E-1, 1.241E-7, 1.467E-1, 6.594E+0, -5.069E-1, 1.897E-1, 1.096E+0, 8.649E-7, 3.357E-2, 9.025E+0, -1.269E-1, 6.919E-2, 9.909E-1, 1.877E-6, 2.357E-2, 7.799E+0, -9.174E-2, 5.672E-2, 9.901E-1, 3.812E-6, 2.295E-2, 7.798E+0, -7.155E-2, 5.467E-2, 1.804E+0, 3.202E-6, 1.658E-2, 1.281E+1, -7.459E-2, 5.549E-2
23, 9.527E-1, 1.117E-7, 1.653E-1, 6.540E+0, -5.728E-1, 2.216E-1, 1.085E+0, 7.793E-7, 3.594E-2, 8.890E+0, -1.343E-1, 7.211E-2, 9.877E-1, 1.648E-6, 2.588E-2, 7.714E+0, -1.007E-1, 6.095E-2, 9.886E-1, 3.352E-6, 2.478E-2, 7.713E+0, -7.559E-2, 5.674E-2, 1.788E+0, 2.986E-6, 1.807E-2, 1.245E+1, -9.887E-2, 6.182E-2, 1.382E+0, 4.215E-6, 1.968E-2, 1.415E+1, -1.164E-1, 7.247E-2
24, 9.238E-1, 1.010E-7, 1.822E-1, 6.487E+0, -6.295E-1, 2.461E-1, 1.076E+0, 7.061E-7, 3.808E-2, 8.764E+0, -1.403E-1, 7.385E-2, 9.870E-1, 1.460E-6, 2.815E-2, 7.631E+0, -1.072E-1, 6.449E-2, 9.846E-1, 2.973E-6, 2.676E-2, 7.629E+0, -7.894E-2, 5.922E-2, 1.753E+0, 2.789E-6, 1.866E-2, 1.215E+1, -9.934E-2, 6.237E-2, 1.360E+0, 3.868E-6, 2.049E-2, 1.378E+1, -1.181E-1, 7.376E-2, 1.351E+0, 8.054E-6, 1.980E-2, 1.366E+1, -1.123E-1, 7.138E-2
25, 8.942E-1, 9.177E-8, 2.028E-1, 6.437E+0, -6.982E-1, 2.804E-1, 1.065E+0, 6.430E-7, 3.990E-2, 8.644E+0, -1.441E-1, 7.410E-2, 9.809E-1, 1.303E-6, 3.003E-2, 7.550E+0, -1.120E-1, 6.616E-2, 9.812E-1, 2.658E-6, 2.772E-2, 7.548E+0, -7.674E-2, 5.707E-2, 1.735E+0, 2.607E-6, 1.892E-2, 1.188E+1, -9.190E-2, 6.094E-2, 1.355E+0, 3.568E-6, 2.111E-2, 1.346E+1, -1.148E-1, 7.385E-2, 1.343E+0, 7.463E-6, 2.050E-2, 1.333E+1, -1.114E-1, 7.226E-2
26, 8.633E-1, 8.371E-8, 2.246E-1, 6.389E+0, -7.702E-1, 3.165E-1, 1.055E+0, 5.880E-7, 3.863E-2, 8.526E+0, -1.254E-1, 6.123E-2, 9.755E-1, 1.170E-6, 3.286E-2, 7.476E+0, -1.266E-1, 7.173E-2, 9.760E-1, 2.391E-6, 3.030E-2, 7.471E+0, -8.532E-2, 6.189E-2, 1.722E+0, 2.441E-6, 1.949E-2, 1.166E+1, -9.168E-2, 6.128E-2, 1.350E+0, 3.303E-6, 2.193E-2, 1.319E+1, -1.167E-1, 7.517E-2, 1.337E+0, 6.941E-6, 2.121E-2, 1.305E+1, -1.128E-1, 7.327E-2
27, 8.318E-1, 7.665E-8, 2.483E-1, 6.345E+0, -8.498E-1, 3.575E-1, 1.045E+0, 5.398E-7, 4.425E-2, 8.426E+0, -1.558E-1, 7.697E-2, 9.711E-1, 1.057E-6, 3.484E-2, 7.400E+0, -1.322E-1, 7.336E-2, 9.713E-1, 2.164E-6, 3.131E-2, 7.393E+0, -8.315E-2, 5.983E-2, 1.712E+0, 2.288E-6, 2.048E-2, 1.146E+1, -1.001E-1, 6.405E-2, 1.346E+0, 3.067E-6, 2.284E-2, 1.295E+1, -1.211E-1, 7.694E-2, 1.333E+0, 6.474E-6, 2.193E-2, 1.280E+1, -1.138E-1, 7.429E-2
28, 7.986E-1, 7.042E-8, 2.733E-1, 6.302E+0, -9.306E-1, 4.007E-1, 1.034E+0, 4.972E-7, 4.699E-2, 8.326E+0, -1.654E-1, 8.039E-2, 9.657E-1, 9.602E-7, 3.347E-2, 7.319E+0, -1.120E-1, 6.103E-2, 9.650E-1, 1.968E-6, 3.438E-2, 7.320E+0, -9.346E-2, 6.618E-2, 1.700E+0, 2.147E-6, 2.051E-2, 1.127E+1, -8.739E-2, 6.104E-2, 1.343E+0, 2.854E-6, 2.388E-2, 1.273E+1, -1.281E-1, 7.945E-2, 1.328E+0, 6.054E-6, 2.268E-2, 1.258E+1, -1.155E-1, 7.542E-2
29, 7.650E-1, 6.490E-8, 3.024E-1, 6.261E+0, -1.024E+0, 4.543E-1, 1.023E+0, 4.594E-7, 4.938E-2, 8.231E+0, -1.726E-1, 8.225E-2, 9.586E-1, 8.758E-7, 4.007E-2, 7.257E+0, -1.513E-1, 8.131E-2, 9.586E-1, 1.799E-6, 3.611E-2, 7.248E+0, -9.564E-2, 6.680E-2, 1.689E+0, 2.018E-6, 2.185E-2, 1.112E+1, -1.023E-1, 6.569E-2, 1.341E+0, 2.661E-6, 2.451E-2, 1.254E+1, -1.238E-1, 7.930E-2, 1.325E+0, 5.674E-6, 2.352E-2, 1.238E+1, -1.189E-1, 7.706E-2
30, 7.299E-1, 5.999E-8, 3.351E-1, 6.223E+0, -1.128E+0, 5.167E-1, 1.013E+0, 4.257E-7, 5.131E-2, 8.140E+0, -1.772E-1, 8.219E-2, 9.516E-1, 8.021E-7, 4.250E-2, 7.189E+0, -1.594E-1, 8.424E-2, 9.518E-1, 1.651E-6, 3.778E-2, 7.181E+0, -1.008E-1, 6.720E-2, 1.678E+0, 1.898E-6, 2.283E-2, 1.098E+1, -1.088E-1, 6.806E-2, 1.344E+0, 2.486E-6, 2.566E-2, 1.237E+1, -1.322E-1, 8.225E-2, 1.323E+0, 5.327E-6, 2.437E-2, 1.220E+1, -1.224E-1, 7.872E-2
31, 6.932E-1, 5.543E-8, 3.576E-1, 6.192E+0, -1.207E+0, 5.513E-1, 1.009E+0, 3.894E-7, 5.369E-2, 8.063E+0, -1.830E-1, 8.253E-2, 9.553E-1, 7.178E-7, 4.678E-2, 7.164E+0, -1.749E-1, 9.184E-2, 9.591E-1, 1.478E-6, 4.155E-2, 7.156E+0, -1.103E-1, 7.318E-2, 1.666E+0, 1.720E-6, 2.391E-2, 1.082E+1, -1.088E-1, 6.850E-2, 1.305E+0, 2.267E-6, 2.606E-2, 1.193E+1, -1.307E-1, 8.035E-2, 1.286E+0, 4.885E-6, 2.459E-2, 1.174E+1, -1.182E-1, 7.635E-2
32, 6.581E-1, 5.135E-8, 4.316E-1, 6.171E+0, -1.416E+0, 7.142E-1, 1.004E+0, 3.571E-7, 5.615E-2, 7.993E+0, -1.895E-1, 8.278E-2, 9.537E-1, 6.456E-7, 5.139E-2, 7.141E+0, -1.944E-1, 1.007E-1, 9.538E-1, 1.331E-6, 4.485E-2, 7.135E+0, -1.231E-1, 7.773E-2, 1.638E+0, 1.568E-6, 2.460E-2, 1.070E+1, -1.039E-1, 6.665E-2, 1.254E+0, 2.123E-6, 2.581E-2, 1.147E+1, -1.246E-1, 7.619E-2, 1.228E+0, 4.599E-6, 2.430E-2, 1.128E+1, -1.122E-1, 7.239E-2
33, 6.187E-1, 4.768E-8, 4.293E-1, 6.137E+0, -1.426E+0, 6.821E-1, 9.954E-1, 3.284E-7, 5.883E-2, 7.927E+0, -1.970E-1, 8.351E-2, 9.528E-1, 5.834E-7, 5.527E-2, 7.119E+0, -2.107E-1, 1.060E-1, 9.542E-1, 1.204E-6, 4.680E-2, 7.113E+0, -1.270E-1, 7.620E-2, 1.607E+0, 1.435E-6, 2.657E-2, 1.059E+1, -1.223E-1, 7.197E-2, 1.206E+0, 2.004E-6, 2.594E-2, 1.106E+1, -1.240E-1, 7.451E-2, 1.182E+0, 4.361E-6, 2.419E-2, 1.087E+1, -1.095E-1, 6.986E-2, 5.086E-1, 2.422E-5, 9.456E-3, 8.770E+0, -5.403E-2, 3.499E-2, 5.102E-1, 3.680E-5, 9.363E-3, 8.777E+0, -4.896E-2, 3.468E-2
34, 5.811E-1, 4.437E-8, 4.567E-1, 6.109E+0, -1.516E+0, 7.267E-1, 9.868E-1, 3.027E-7, 6.121E-2, 7.866E+0, -2.046E-1, 8.296E-2, 9.493E-1, 5.295E-7, 5.959E-2, 7.096E+0, -2.261E-1, 1.125E-1, 9.515E-1, 1.094E-6, 5.038E-2, 7.091E+0, -1.375E-1, 8.068E-2, 1.582E+0, 1.317E-6, 2.767E-2, 1.050E+1, -1.235E-1, 7.212E-2, 1.160E+0, 1.897E-6, 2.580E-2, 1.069E+1, -1.200E-1, 7.142E-2, 1.135E+0, 4.146E-6, 2.400E-2, 1.051E+1, -1.045E-1, 6.684E-2, 5.437E-1, 2.079E-5, 1.032E-2, 8.591E+0, -5.565E-2, 3.687E-2, 5.483E-1, 3.158E-5, 1.022E-2, 8.598E+0, -4.982E-2, 3.659E-2
35, 5.433E-1, 4.137E-8, 5.019E-1, 6.090E+0, -1.665E+0, 8.226E-1, 9.794E-1, 2.797E-7, 6.348E-2, 7.808E+0, -2.102E-1, 8.171E-2, 9.459E-1, 4.824E-7, 6.375E-2, 7.073E+0, -2.422E-1, 1.181E-1, 9.475E-1, 9.975E-7, 5.191E-2, 7.070E+0, -1.408E-1, 7.734E-2, 1.563E+0, 1.213E-6, 2.906E-2, 1.041E+1, -1.293E-1, 7.372E-2, 1.118E+0, 1.797E-6, 2.600E-2, 1.038E+1, -1.187E-1, 7.002E-2, 1.090E+0, 3.945E-6, 2.413E-2, 1.020E+1, -1.029E-1, 6.545E-2, 5.433E-1, 1.811E-5, 1.120E-2, 8.435E+0, -5.837E-2, 3.894E-2, 5.479E-1, 2.752E-5, 1.105E-2, 8.441E+0, -5.202E-2, 3.836E-2
36, 5.051E-1, 3.865E-8, 5.468E-1, 6.069E+0, -1.803E+0, 9.116E-1, 9.715E-1, 2.590E-7, 6.618E-2, 7.753E+0, -2.184E-1, 8.180E-2, 9.358E-1, 4.411E-7, 6.868E-2, 7.049E+0, -2.590E-1, 1.258E-1, 9.409E-1, 9.132E-7, 5.580E-2, 7.047E+0, -1.503E-1, 8.221E-2, 1.540E+0, 1.120E-6, 3.059E-2, 1.033E+1, -1.349E-1, 7.582E-2, 1.084E+0, 1.703E-6, 2.619E-2, 1.011E+1, -1.174E-1, 6.850E-2, 1.056E+0, 3.753E-6, 2.411E-2, 9.924E+0, -9.880E-2, 6.321E-2, 5.429E-1, 1.598E-5, 1.190E-2, 8.294E+0, -5.768E-2, 3.989E-2, 5.429E-1, 2.428E-5, 1.178E-2, 8.299E+0, -5.089E-2, 3.953E-2
37, 4.658E-1, 3.613E-8, 5.759E-1, 6.049E+0, -1.898E+0, 9.564E-1, 9.632E-1, 2.392E-7, 6.918E-2, 7.707E+0, -2.281E-1, 8.223E-2, 9.349E-1, 4.017E-7, 7.611E-2, 7.041E+0, -2.871E-1, 1.408E-1, 9.387E-1, 8.324E-7, 6.037E-2, 7.038E+0, -1.619E-1, 8.783E-2, 1.519E+0, 1.014E-6, 3.293E-2, 1.032E+1, -1.425E-1, 7.990E-2, 1.056E+0, 1.588E-6, 2.669E-2, 9.892E+0, -1.178E-1, 6.757E-2, 1.026E+0, 3.510E-6, 2.447E-2, 9.711E+0, -9.700E-2, 6.199E-2, 5.437E-1, 1.414E-5, 1.246E-2, 8.143E+0, -5.845E-2, 4.031E-2, 5.459E-1, 2.149E-5, 1.226E-2, 8.148E+0, -4.963E-2, 3.947E-2
38, 4.256E-1, 3.383E-8, 6.171E-1, 6.036E+0, -2.035E+0, 1.038E+0, 9.582E-1, 2.212E-7, 7.035E-2, 7.650E+0, -2.288E-1, 7.614E-2, 9.338E-1, 3.632E-7, 8.282E-2, 7.057E+0, -3.148E-1, 1.515E-1, 9.395E-1, 7.530E-7, 6.547E-2, 7.056E+0, -1.795E-1, 9.398E-2, 1.512E+0, 9.196E-7, 3.474E-2, 1.030E+1, -1.480E-1, 8.147E-2, 1.047E+0, 1.453E-6, 2.817E-2, 9.780E+0, -1.225E-1, 6.948E-2, 1.018E+0, 3.212E-6, 2.588E-2, 9.609E+0, -1.025E-1, 6.410E-2, 5.945E-1, 1.263E-5, 1.293E-2, 7.980E+0, -5.856E-2, 4.035E-2, 5.964E-1, 1.919E-5, 1.266E-2, 7.982E+0, -4.638E-2, 3.913E-2
39, 3.882E-1, 3.174E-8, 6.608E-1, 6.018E+0, -2.175E+0, 1.125E+0, 9.472E-1, 2.055E-7, 7.060E-2, 7.600E+0, -2.296E-1, 6.757E-2, 9.258E-1, 3.325E-7, 9.018E-2, 7.054E+0, -3.432E-1, 1.649E-1, 9.316E-1, 6.899E-7, 6.916E-2, 7.054E+0, -1.914E-1, 9.585E-2, 1.492E+0, 8.461E-7, 3.648E-2, 1.026E+1, -1.537E-1, 8.325E-2, 1.036E+0, 1.352E-6, 2.939E-2, 9.645E+0, -1.264E-1, 7.097E-2, 1.009E+0, 2.995E-6, 2.693E-2, 9.476E+0, -1.050E-1, 6.528E-2, 6.208E-1, 1.139E-5, 1.347E-2, 7.855E+0, -5.737E-2, 4.060E-2, 6.236E-1, 1.731E-5, 1.318E-2, 7.858E+0, -4.572E-2, 3.943E-2
40, 3.479E-1, 2.983E-8, 6.966E-1, 6.004E+0, -2.294E+0, 1.187E+0, 9.371E-1, 1.915E-7, 7.440E-2, 7.553E+0, -2.414E-1, 7.023E-2, 9.185E-1, 3.057E-7, 9.773E-2, 7.049E+0, -3.738E-1, 1.786E-1, 9.247E-1, 6.347E-7, 7.328E-2, 7.049E+0, -2.034E-1, 9.897E-2, 1.475E+0, 7.828E-7, 3.813E-2, 1.021E+1, -1.587E-1, 8.461E-2, 1.023E+0, 1.260E-6, 3.024E-2, 9.524E+0, -1.306E-1, 7.092E-2, 9.942E-1, 2.799E-6, 2.758E-2, 9.354E+0, -1.047E-1, 6.444E-2, 6.443E-1, 1.034E-5, 1.407E-2, 7.744E+0, -5.802E-2, 4.128E-2, 6.457E-1, 1.573E-5, 1.378E-2, 7.747E+0, -4.587E-2, 4.011E-2
41, 3.071E-1, 2.808E-8, 7.501E-1, 5.992E+0, -2.464E+0, 1.302E+0, 9.262E-1, 1.788E-7, 7.541E-2, 7.505E+0, -2.414E-1, 6.325E-2, 9.106E-1, 2.820E-7, 1.071E-1, 7.043E+0, -4.094E-1, 1.974E-1, 9.177E-1, 5.860E-7, 7.850E-2, 7.044E+0, -2.205E-1, 1.055E-1, 1.458E+0, 7.271E-7, 3.978E-2, 1.015E+1, -1.640E-1, 8.602E-2, 1.007E+0, 1.176E-6, 3.125E-2, 9.414E+0, -1.321E-1, 7.118E-2, 9.794E-1, 2.622E-6, 2.785E-2, 9.242E+0, -9.898E-2, 6.165E-2, 6.669E-1, 9.445E-6, 1.280E-2, 7.630E+0, -2.989E-2, 3.188E-2, 6.668E-1, 1.437E-5, 1.440E-2, 7.644E+0, -4.594E-2, 4.090E-2
42, 2.692E-1, 2.647E-8, 7.942E-1, 5.981E+0, -2.590E+0, 1.369E+0, 9.134E-1, 1.673E-7, 7.731E-2, 7.461E+0, -2.476E-1, 5.958E-2, 9.015E-1, 2.608E-7, 1.160E-1, 7.036E+0, -4.429E-1, 2.144E-1, 9.085E-1, 5.427E-7, 8.256E-2, 7.039E+0, -2.347E-1, 1.080E-1, 1.445E+0, 6.776E-7, 4.148E-2, 1.010E+1, -1.696E-1, 8.760E-2, 9.925E-1, 1.100E-6, 3.275E-2, 9.316E+0, -1.388E-1, 7.359E-2, 9.633E-1, 2.460E-6, 2.956E-2, 9.144E+0, -1.078E-1, 6.570E-2, 6.773E-1, 8.669E-6, 1.543E-2, 7.546E+0, -6.078E-2, 4.337E-2, 6.820E-1, 1.320E-5, 1.497E-2, 7.547E+0, -4.456E-2, 4.142E-2
43, 2.331E-1, 2.500E-8, 8.342E-1, 5.969E+0, -2.743E+0, 1.462E+0, 9.018E-1, 1.572E-7, 7.854E-2, 7.415E+0, -2.508E-1, 5.382E-2, 8.906E-1, 2.430E-7, 1.257E-1, 7.018E+0, -4.785E-1, 2.339E-1, 8.965E-1, 5.063E-7, 8.778E-2, 7.024E+0, -2.538E-1, 1.147E-1, 1.426E+0, 6.396E-7, 4.324E-2, 1.001E+1, -1.759E-1, 9.012E-2, 9.799E-1, 1.042E-6, 3.379E-2, 9.194E+0, -1.420E-1, 7.456E-2, 9.481E-1, 2.342E-6, 3.039E-2, 9.016E+0, -1.095E-1, 6.647E-2, 6.900E-1, 7.999E-6, 1.629E-2, 7.463E+0, -6.232E-2, 4.505E-2, 6.928E-1, 1.219E-5, 1.563E-2, 7.465E+0, -4.468E-2, 4.221E-2
44, 1.942E-1, 2.362E-8, 8.868E-1, 5.958E+0, -2.916E+0, 1.578E+0, 8.878E-1, 1.476E-7, 7.390E-2, 7.370E+0, -2.336E-1, 2.951E-2, 8.808E-1, 2.260E-7, 1.380E-1, 7.010E+0, -5.249E-1, 2.612E-1, 8.874E-1, 4.713E-7, 9.401E-2, 7.018E+0, -2.759E-1, 1.242E-1, 1.411E+0, 5.989E-7, 4.612E-2, 9.961E+0, -1.872E-1, 9.656E-2, 9.693E-1, 9.769E-7, 3.511E-2, 9.110E+0, -1.458E-1, 7.581E-2, 9.336E-1, 2.204E-6, 3.164E-2, 8.930E+0, -1.127E-1, 6.802E-2, 6.960E-1, 7.401E-6, 1.701E-2, 7.380E+0, -6.549E-2, 4.616E-2, 6.996E-1, 1.128E-5, 1.647E-2, 7.380E+0, -4.693E-2, 4.397E-2
45, 1.543E-1, 2.235E-8, 9.226E-1, 5.949E+0, -3.049E+0, 1.649E+0, 8.749E-1, 1.388E-7, 7.914E-2, 7.331E+0, -2.520E-1, 3.591E-2, 8.687E-1, 2.106E-7, 1.483E-1, 7.000E+0, -5.608E-1, 2.803E-1, 8.760E-1, 4.398E-7, 9.843E-2, 7.011E+0, -2.901E-1, 1.268E-1, 1.401E+0, 5.620E-7, 4.757E-2, 9.907E+0, -1.928E-1, 9.711E-2, 9.548E-1, 9.171E-7, 3.685E-2, 9.034E+0, -1.540E-1, 7.894E-2, 9.219E-1, 2.078E-6, 3.274E-2, 8.850E+0, -1.147E-1, 6.887E-2, 6.996E-1, 6.870E-6, 1.765E-2, 7.297E+0, -6.443E-2, 4.678E-2, 7.051E-1, 1.048E-5, 1.689E-2, 7.299E+0, -4.472E-2, 4.353E-2
46, 1.198E-1, 2.117E-8, 9.814E-1, 5.941E+0, -3.232E+0, 1.772E+0, 8.590E-1, 1.307E-7, 7.917E-2, 7.291E+0, -2.525E-1, 2.616E-2, 8.538E-1, 1.967E-7, 1.541E-1, 6.987E+0, -5.758E-1, 2.834E-1, 8.641E-1, 4.112E-7, 1.031E-1, 7.003E+0, -3.057E-1, 1.302E-1, 1.384E+0, 5.284E-7, 4.923E-2, 9.854E+0, -1.977E-1, 9.810E-2, 9.396E-1, 8.621E-7, 3.848E-2, 8.963E+0, -1.602E-1, 8.122E-2, 9.049E-1, 1.961E-6, 3.408E-2, 8.774E+0, -1.189E-1, 7.069E-2, 6.990E-1, 6.396E-6, 1.853E-2, 7.221E+0, -6.750E-2, 4.859E-2, 7.030E-1, 9.761E-6, 1.782E-2, 7.222E+0, -4.677E-2, 4.568E-2
47, 8.182E-2, 2.008E-8, 1.008E+0, 5.930E+0, -3.326E+0, 1.804E+0, 8.430E-1, 1.233E-7, 7.739E-2, 7.251E+0, -2.477E-1, 1.104E-2, 8.424E-1, 1.841E-7, 1.717E-1, 6.980E+0, -6.422E-1, 3.258E-1, 8.517E-1, 3.853E-7, 1.062E-1, 6.994E+0, -3.135E-1, 1.279E-1, 1.370E+0, 4.976E-7, 5.103E-2, 9.802E+0, -2.034E-1, 9.955E-2, 9.257E-1, 8.114E-7, 4.022E-2, 8.896E+0, -1.662E-1, 8.377E-2, 8.904E-1, 1.854E-6, 3.543E-2, 8.703E+0, -1.223E-1, 7.231E-2, 6.993E-1, 5.972E-6, 1.936E-2, 7.149E+0, -7.007E-2, 4.986E-2, 7.037E-1, 9.119E-6, 1.862E-2, 7.148E+0, -4.711E-2, 4.703E-2
48, 4.601E-2, 1.905E-8, 1.070E+0, 5.926E+0, -3.508E+0, 1.921E+0, 8.258E-1, 1.162E-7, 7.655E-2, 7.216E+0, -2.471E-1, -1.507E-3, 8.289E-1, 1.719E-7, 1.875E-1, 6.982E+0, -7.006E-1, 3.605E-1, 8.417E-1, 3.601E-7, 1.153E-1, 6.999E+0, -3.473E-1, 1.443E-1, 1.348E+0, 4.649E-7, 5.270E-2, 9.777E+0, -2.084E-1, 9.926E-2, 9.055E-1, 7.559E-7, 4.278E-2, 8.869E+0, -1.769E-1, 8.856E-2, 8.707E-1, 1.732E-6, 3.729E-2, 8.673E+0, -1.271E-1, 7.485E-2, 6.864E-1, 5.585E-6, 2.026E-2, 7.074E+0, -7.271E-2, 5.172E-2, 6.891E-1, 8.534E-6, 1.942E-2, 7.073E+0, -4.919E-2, 4.847E-2
49, 1.033E-2, 1.808E-8, 1.128E+0, 5.924E+0, -3.697E+0, 2.044E+0, 8.105E-1, 1.095E-7, 7.426E-2, 7.185E+0, -2.417E-1, -1.864E-2, 8.148E-1, 1.608E-7, 2.053E-1, 6.983E+0, -7.617E-1, 3.991E-1, 8.265E-1, 3.370E-7, 1.182E-1, 7.000E+0, -3.540E-1, 1.401E-1, 1.330E+0, 4.327E-7, 5.546E-2, 9.774E+0, -2.175E-1, 1.030E-1, 8.934E-1, 7.042E-7, 4.482E-2, 8.844E+0, -1.838E-1, 9.079E-2, 8.558E-1, 1.618E-6, 3.932E-2, 8.648E+0, -1.332E-1, 7.787E-2, 6.770E-1, 5.233E-6, 2.141E-2, 7.000E+0, -7.519E-2, 5.460E-2, 6.816E-1, 8.003E-6, 2.025E-2, 6.998E+0, -4.783E-2, 4.988E-2
50, -2.786E-2, 1.718E-8, 1.156E+0, 5.920E+0, -3.832E+0, 2.113E+0, 7.927E-1, 1.033E-7, 7.128E-2, 7.156E+0, -2.360E-1, -3.764E-2, 7.985E-1, 1.506E-7, 2.141E-1, 6.979E+0, -7.775E-1, 4.037E-1, 8.134E-1, 3.159E-7, 1.244E-1, 7.004E+0, -3.757E-1, 1.461E-1, 1.313E+0, 4.037E-7, 5.736E-2, 9.771E+0, -2.244E-1, 1.032E-1, 8.768E-1, 6.572E-7, 4.783E-2, 8.823E+0, -1.949E-1, 9.669E-2, 8.405E-1, 1.515E-6, 4.162E-2, 8.624E+0, -1.397E-1, 8.164E-2, 6.685E-1, 4.914E-6, 2.212E-2, 6.930E+0, -7.443E-2, 5.525E-2, 6.743E-1, 7.521E-6, 2.105E-2, 6.929E+0, -4.926E-2, 5.111E-2
51, -6.098E-2, 1.634E-8, 1.211E+0, 5.920E+0, -4.020E+0, 2.233E+0, 7.757E-1, 9.753E-8, 6.904E-2, 7.128E+0, -2.320E-1, -5.453E-2, 7.831E-1, 1.413E-7, 2.357E-1, 6.979E+0, -8.588E-1, 4.572E-1, 8.006E-1, 2.966E-7, 1.309E-1, 7.008E+0, -3.987E-1, 1.529E-1, 1.304E+0, 3.773E-7, 6.016E-2, 9.768E+0, -2.342E-1, 1.064E-1, 8.630E-1, 6.141E-7, 5.099E-2, 8.804E+0, -2.087E-1, 1.031E-1, 8.287E-1, 1.420E-6, 4.397E-2, 8.602E+0, -1.483E-1, 8.580E-2, 6.569E-1, 4.624E-6, 2.318E-2, 6.863E+0, -7.780E-2, 5.761E-2, 6.682E-1, 7.083E-6, 2.162E-2, 6.862E+0, -4.894E-2, 5.128E-2
52, -9.681E-2, 1.556E-8, 1.273E+0, 5.920E+0, -4.230E+0, 2.377E+0, 7.565E-1, 9.222E-8, 6.477E-2, 7.100E+0, -2.230E-1, -7.696E-2, 7.666E-1, 1.328E-7, 2.556E-1, 6.979E+0, -9.242E-1, 4.995E-1, 7.849E-1, 2.790E-7, 1.371E-1, 7.014E+0, -4.210E-1, 1.575E-1, 1.289E+0, 3.532E-7, 6.277E-2, 9.763E+0, -2.416E-1, 1.087E-1, 8.537E-1, 5.748E-7, 5.246E-2, 8.787E+0, -2.163E-1, 1.030E-1, 8.204E-1, 1.333E-6, 4.544E-2, 8.581E+0, -1.511E-1, 8.591E-2, 6.516E-1, 4.359E-6, 2.363E-2, 6.797E+0, -7.674E-2, 5.726E-2, 6.536E-1, 6.682E-6, 2.205E-2, 6.793E+0, -4.426E-2, 5.102E-2
53, -1.265E-1, 1.482E-8, 1.329E+0, 5.919E+0, -4.382E+0, 2.455E+0, 7.389E-1, 8.729E-8, 6.111E-2, 7.073E+0, -2.161E-1, -9.765E-2, 7.507E-1, 1.250E-7, 2.810E-1, 6.980E+0, -1.007E+0, 5.567E-1, 7.697E-1, 2.628E-7, 1.463E-1, 7.017E+0, -4.520E-1, 1.722E-1, 1.278E+0, 3.312E-7, 6.561E-2, 9.760E+0, -2.523E-1, 1.118E-1, 8.436E-1, 5.387E-7, 5.625E-2, 8.771E+0, -2.296E-1, 1.108E-1, 8.039E-1, 1.254E-6, 4.775E-2, 8.562E+0, -1.580E-1, 8.934E-2, 6.471E-1, 4.115E-6, 2.538E-2, 6.739E+0, -8.730E-2, 6.246E-2, 6.552E-1, 6.313E-6, 2.337E-2, 6.732E+0, -4.899E-2, 5.451E-2
54, -1.625E-1, 1.413E-8, 1.383E+0, 5.922E+0, -4.598E+0, 2.603E+0, 7.179E-1, 8.270E-8, 5.420E-2, 7.047E+0, -2.009E-1, -1.272E-1, 7.256E-1, 1.178E-7, 2.874E-1, 6.978E+0, -1.031E+0, 5.542E-1, 7.533E-1, 2.480E-7, 1.547E-1, 7.021E+0, -4.812E-1, 1.836E-1, 1.276E+0, 3.110E-7, 6.840E-2, 9.757E+0, -2.605E-1, 1.145E-1, 8.305E-1, 5.056E-7, 5.877E-2, 8.757E+0, -2.410E-1, 1.141E-1, 7.912E-1, 1.181E-6, 4.915E-2, 8.543E+0, -1.607E-1, 8.874E-2, 6.417E-1, 3.890E-6, 2.581E-2, 6.676E+0, -8.404E-2, 6.200E-2, 6.455E-1, 5.973E-6, 2.326E-2, 6.669E+0, -4.124E-2, 5.154E-2
55, -1.911E-1, 1.347E-8, 1.438E+0, 5.922E+0, -4.783E+0, 2.722E+0, 6.975E-1, 7.831E-8, 5.013E-2, 7.024E+0, -1.955E-1, -1.491E-1, 7.143E-1, 1.108E-7, 3.320E-1, 6.993E+0, -1.174E+0, 6.681E-1, 7.373E-1, 2.334E-7, 1.655E-1, 7.035E+0, -5.152E-1, 1.997E-1, 1.258E+0, 2.908E-7, 7.179E-2, 9.765E+0, -2.717E-1, 1.188E-1, 8.229E-1, 4.704E-7, 6.346E-2, 8.778E+0, -2.572E-1, 1.238E-1, 7.803E-1, 1.102E-6, 5.310E-2, 8.561E+0, -1.724E-1, 9.692E-2, 6.553E-1, 3.677E-6, 2.764E-2, 6.615E+0, -8.532E-2, 6.632E-2, 6.514E-1, 5.652E-6, 2.462E-2, 6.607E+0, -3.962E-2, 5.441E-2
56, -2.210E-1, 1.286E-8, 1.509E+0, 5.927E+0, -5.009E+0, 2.875E+0, 6.798E-1, 7.421E-8, 4.347E-2, 6.997E+0, -1.823E-1, -1.777E-1, 6.952E-1, 1.043E-7, 3.513E-1, 6.996E+0, -1.226E+0, 6.997E-1, 7.213E-1, 2.197E-7, 1.699E-1, 7.047E+0, -5.331E-1, 1.975E-1, 1.286E+0, 2.720E-7, 7.410E-2, 9.597E+0, -2.816E-1, 1.188E-1, 8.629E-1, 4.377E-7, 6.150E-2, 8.512E+0, -2.429E-1, 1.128E-1, 8.264E-1, 1.027E-6, 5.039E-2, 8.292E+0, -1.544E-1, 8.417E-2, 7.092E-1, 2.830E-6, 3.293E-2, 6.822E+0, -1.106E-1, 7.377E-2, 7.184E-1, 4.344E-6, 2.970E-2, 6.815E+0, -6.174E-2, 6.132E-2
57, -2.505E-1, 1.228E-8, 1.556E+0, 5.933E+0, -5.183E+0, 2.968E+0, 6.600E-1, 7.044E-8, 3.603E-2, 6.972E+0, -1.670E-1, -2.085E-1, 6.786E-1, 9.849E-8, 3.935E-1, 7.002E+0, -1.340E+0, 7.909E-1, 7.037E-1, 2.077E-7, 1.776E-1, 7.059E+0, -5.632E-1, 2.051E-1, 1.283E+0, 2.556E-7, 7.605E-2, 9.551E+0, -2.882E-1, 1.174E-1, 8.661E-1, 4.101E-7, 6.374E-2, 8.439E+0, -2.504E-1, 1.151E-1, 8.324E-1, 9.657E-7, 5.193E-2, 8.215E+0, -1.576E-1, 8.493E-2, 7.243E-1, 2.536E-6, 3.583E-2, 6.849E+0, -1.200E-1, 7.830E-2, 7.325E-1, 3.888E-6, 3.226E-2, 6.843E+0, -6.708E-2, 6.450E-2
58, -2.781E-1, 1.175E-8, 1.620E+0, 5.936E+0, -5.402E+0, 3.118E+0, 6.383E-1, 6.711E-8, 2.910E-2, 6.945E+0, -1.534E-1, -2.373E-1, 6.585E-1, 9.355E-8, 4.244E-1, 6.996E+0, -1.457E+0, 8.713E-1, 6.864E-1, 1.975E-7, 1.907E-1, 7.053E+0, -6.035E-1, 2.291E-1, 1.274E+0, 2.434E-7, 7.741E-2, 9.502E+0, -2.888E-1, 1.147E-1, 8.593E-1, 3.900E-7, 6.571E-2, 8.380E+0, -2.569E-1, 1.168E-1, 8.253E-1, 9.233E-7, 5.272E-2, 8.148E+0, -1.562E-1, 8.331E-2, 7.229E-1, 2.380E-6, 3.772E-2, 6.818E+0, -1.271E-1, 8.181E-2, 7.289E-1, 3.652E-6, 3.356E-2, 6.812E+0, -6.999E-2, 6.588E-2
59, -3.092E-1, 1.124E-8, 1.662E+0, 5.937E+0, -5.558E+0, 3.197E+0, 6.174E-1, 6.400E-8, 2.242E-2, 6.918E+0, -1.416E-1, -2.650E-1, 6.369E-1, 8.897E-8, 4.524E-1, 6.986E+0, -1.541E+0, 9.305E-1, 6.679E-1, 1.881E-7, 2.008E-1, 7.048E+0, -6.379E-1, 2.443E-1, 1.266E+0, 2.320E-7, 8.091E-2, 9.459E+0, -3.046E-1, 1.207E-1, 8.512E-1, 3.714E-7, 6.802E-2, 8.323E+0, -2.654E-1, 1.198E-1, 8.176E-1, 8.842E-7, 5.378E-2, 8.084E+0, -1.574E-1, 8.283E-2, 7.212E-1, 2.241E-6, 3.931E-2, 6.786E+0, -1.325E-1, 8.405E-2, 7.251E-1, 3.442E-6, 3.457E-2, 6.778E+0, -7.014E-2, 6.598E-2
60, -3.346E-1, 1.076E-8, 1.742E+0, 5.941E+0, -5.783E+0, 3.339E+0, 5.953E-1, 6.108E-8, 1.451E-2, 6.893E+0, -1.279E-1, -2.958E-1, 6.141E-1, 8.472E-8, 4.857E-1, 6.977E+0, -1.633E+0, 9.979E-1, 6.496E-1, 1.793E-7, 2.133E-1, 7.044E+0, -6.801E-1, 2.660E-1, 1.256E+0, 2.214E-7, 8.440E-2, 9.417E+0, -3.180E-1, 1.260E-1, 8.442E-1, 3.540E-7, 7.034E-2, 8.269E+0, -2.739E-1, 1.227E-1, 8.094E-1, 8.478E-7, 5.498E-2, 8.023E+0, -1.597E-1, 8.289E-2, 7.171E-1, 2.116E-6, 4.073E-2, 6.753E+0, -1.365E-1, 8.562E-2, 7.219E-1, 3.252E-6, 3.542E-2, 6.744E+0, -6.998E-2, 6.548E-2
61, -3.630E-1, 1.031E-8, 1.770E+0, 5.942E+0, -5.941E+0, 3.430E+0, 5.728E-1, 5.833E-8, 8.684E-3, 6.867E+0, -1.184E-1, -3.212E-1, 6.001E-1, 8.076E-8, 5.507E-1, 6.967E+0, -1.787E+0, 1.140E+0, 6.303E-1, 1.712E-7, 2.235E-1, 7.038E+0, -7.144E-1, 2.811E-1, 1.246E+0, 2.115E-7, 8.663E-2, 9.376E+0, -3.260E-1, 1.267E-1, 8.355E-1, 3.378E-7, 7.242E-2, 8.217E+0, -2.817E-1, 1.245E-1, 8.007E-1, 8.139E-7, 5.581E-2, 7.963E+0, -1.597E-1, 8.154E-2, 7.123E-1, 2.002E-6, 4.238E-2, 6.721E+0, -1.430E-1, 8.806E-2, 7.173E-1, 3.080E-6, 3.711E-2, 6.712E+0, -7.612E-2, 6.843E-2
62, -3.864E-1, 9.885E-9, 1.846E+0, 5.949E+0, -6.172E+0, 3.578E+0, 5.507E-1, 5.575E-8, -6.618E-6, 6.843E+0, -1.037E-1, -3.538E-1, 5.705E-1, 7.707E-8, 5.611E-1, 6.955E+0, -1.844E+0, 1.159E+0, 6.096E-1, 1.636E-7, 2.334E-1, 7.035E+0, -7.504E-1, 2.947E-1, 1.236E+0, 2.021E-7, 8.823E-2, 9.338E+0, -3.321E-1, 1.250E-1, 8.271E-1, 3.226E-7, 7.469E-2, 8.167E+0, -2.897E-1, 1.270E-1, 7.909E-1, 7.822E-7, 5.699E-2, 7.905E+0, -1.622E-1, 8.162E-2, 7.073E-1, 1.899E-6, 4.302E-2, 6.684E+0, -1.399E-1, 8.629E-2, 7.147E-1, 2.923E-6, 3.666E-2, 6.675E+0, -6.665E-2, 6.268E-2
63, -4.121E-1, 9.481E-9, 1.925E+0, 5.955E+0, -6.433E+0, 3.764E+0, 5.276E-1, 5.332E-8, -6.068E-3, 6.820E+0, -9.491E-2, -3.799E-1, 5.470E-1, 7.361E-8, 6.029E-1, 6.949E+0, -1.976E+0, 1.257E+0, 5.900E-1, 1.565E-7, 2.468E-1, 7.026E+0, -7.913E-1, 3.180E-1, 1.228E+0, 1.933E-7, 9.106E-2, 9.303E+0, -3.442E-1, 1.275E-1, 8.181E-1, 3.083E-7, 7.727E-2, 8.118E+0, -2.992E-1, 1.304E-1, 7.819E-1, 7.524E-7, 5.816E-2, 7.848E+0, -1.639E-1, 8.151E-2, 7.050E-1, 1.804E-6, 4.588E-2, 6.655E+0, -1.556E-1, 9.364E-2, 7.106E-1, 2.779E-6, 3.899E-2, 6.641E+0, -7.378E-2, 6.809E-2
64, -4.328E-1, 9.098E-9, 1.960E+0, 5.959E+0, -6.588E+0, 3.839E+0, 5.047E-1, 5.102E-8, -1.394E-2, 6.796E+0, -8.148E-2, -4.106E-1, 5.246E-1, 7.038E-8, 6.405E-1, 6.938E+0, -2.101E+0, 1.348E+0, 5.704E-1, 1.499E-7, 2.619E-1, 7.022E+0, -8.411E-1, 3.456E-1, 1.217E+0, 1.850E-7, 9.399E-2, 9.267E+0, -3.527E-1, 1.299E-1, 8.087E-1, 2.948E-7, 7.972E-2, 8.072E+0, -3.080E-1, 1.333E-1, 7.724E-1, 7.243E-7, 5.879E-2, 7.794E+0, -1.642E-1, 7.939E-2, 7.006E-1, 1.715E-6, 4.714E-2, 6.622E+0, -1.589E-1, 9.439E-2, 7.054E-1, 2.646E-6, 4.005E-2, 6.610E+0, -7.820E-2, 6.848E-2
65, -4.530E-1, 8.735E-9, 2.044E+0, 5.964E+0, -6.815E+0, 3.976E+0, 4.816E-1, 4.885E-8, -2.201E-2, 6.774E+0, -6.874E-2, -4.417E-1, 5.007E-1, 6.734E-8, 6.868E-1, 6.927E+0, -2.234E+0, 1.452E+0, 5.494E-1, 1.436E-7, 2.765E-1, 7.015E+0, -8.877E-1, 3.714E-1, 1.207E+0, 1.771E-7, 9.685E-2, 9.236E+0, -3.658E-1, 1.325E-1, 7.992E-1, 2.821E-7, 8.227E-2, 8.028E+0, -3.184E-1, 1.364E-1, 7.626E-1, 6.978E-7, 6.020E-2, 7.741E+0, -1.677E-1, 8.018E-2, 6.952E-1, 1.634E-6, 4.853E-2, 6.589E+0, -1.625E-1, 9.561E-2, 7.000E-1, 2.523E-6, 4.001E-2, 6.575E+0, -7.346E-2, 6.458E-2
66, -4.796E-1, 8.390E-9, 2.124E+0, 5.974E+0, -7.101E+0, 4.188E+0, 4.579E-1, 4.680E-8, -3.049E-2, 6.753E+0, -5.609E-2, -4.735E-1, 4.744E-1, 6.449E-8, 7.309E-1, 6.916E+0, -2.347E+0, 1.539E+0, 5.287E-1, 1.378E-7, 2.957E-1, 7.010E+0, -9.475E-1, 4.098E-1, 1.198E+0, 1.696E-7, 9.966E-2, 9.206E+0, -3.767E-1, 1.344E-1, 7.908E-1, 2.700E-7, 8.440E-2, 7.985E+0, -3.253E-1, 1.377E-1, 7.543E-1, 6.728E-7, 6.110E-2, 7.689E+0, -1.684E-1, 7.902E-2, 6.906E-1, 1.559E-6, 5.083E-2, 6.557E+0, -1.715E-1, 1.003E-1, 6.944E-1, 2.409E-6, 4.222E-2, 6.544E+0, -8.169E-2, 6.932E-2
67, -4.991E-1, 8.062E-9, 2.210E+0, 5.980E+0, -7.337E+0, 4.330E+0, 4.325E-1, 4.485E-8, -3.759E-2, 6.731E+0, -4.346E-2, -5.032E-1, 4.715E-1, 6.181E-8, 8.231E-1, 6.897E+0, -2.542E+0, 1.735E+0, 5.087E-1, 1.323E-7, 3.024E-1, 7.000E+0, -9.712E-1, 4.142E-1, 1.187E+0, 1.625E-7, 1.023E-1, 9.178E+0, -3.873E-1, 1.356E-1, 7.810E-1, 2.586E-7, 8.768E-2, 7.945E+0, -3.384E-1, 1.431E-1, 7.441E-1, 6.492E-7, 6.192E-2, 7.638E+0, -1.691E-1, 7.760E-2, 6.840E-1, 1.489E-6, 5.266E-2, 6.526E+0, -1.785E-1, 1.032E-1, 6.899E-1, 2.304E-6, 4.281E-2, 6.510E+0, -8.059E-2, 6.785E-2
68, -5.200E-1, 7.750E-9, 2.241E+0, 5.982E+0, -7.485E+0, 4.399E+0, 4.088E-1, 4.300E-8, -4.262E-2, 6.712E+0, -3.875E-2, -5.278E-1, 4.241E-1, 5.928E-8, 8.186E-1, 6.893E+0, -2.615E+0, 1.742E+0, 4.857E-1, 1.271E-7, 3.230E-1, 6.995E+0, -1.037E+0, 4.561E-1, 1.177E+0, 1.557E-7, 1.049E-1, 9.153E+0, -3.983E-1, 1.362E-1, 7.721E-1, 2.478E-7, 9.025E-2, 7.905E+0, -3.474E-1, 1.457E-1, 7.339E-1, 6.268E-7, 6.246E-2, 7.589E+0, -1.686E-1, 7.495E-2, 6.776E-1, 1.423E-6, 5.445E-2, 6.494E+0, -1.842E-1, 1.057E-1, 6.839E-1, 2.205E-6, 4.398E-2, 6.477E+0, -8.233E-2, 6.850E-2
69, -5.418E-1, 7.453E-9, 2.331E+0, 5.993E+0, -7.794E+0, 4.632E+0, 3.869E-1, 4.125E-8, -4.806E-2, 6.693E+0, -3.229E-2, -5.527E-1, 3.981E-1, 5.690E-8, 8.634E-1, 6.877E+0, -2.724E+0, 1.826E+0, 4.630E-1, 1.222E-7, 3.213E-1, 6.985E+0, -1.042E+0, 4.401E-1, 1.169E+0, 1.493E-7, 1.084E-1, 9.130E+0, -4.115E-1, 1.395E-1, 7.631E-1, 2.376E-7, 9.347E-2, 7.868E+0, -3.595E-1, 1.505E-1, 7.246E-1, 6.056E-7, 6.298E-2, 7.541E+0, -1.693E-1, 7.273E-2, 6.720E-1, 1.363E-6, 5.658E-2, 6.463E+0, -1.922E-1, 1.095E-1, 6.786E-1, 2.114E-6, 4.492E-2, 6.445E+0, -8.320E-2, 6.832E-2
70, -5.605E-1, 7.171E-9, 2.425E+0, 6.002E+0, -8.077E+0, 4.827E+0, 3.627E-1, 3.959E-8, -5.317E-2, 6.675E+0, -2.939E-2, -5.759E-1, 3.834E-1, 5.465E-8, 9.440E-1, 6.858E+0, -2.893E+0, 1.989E+0, 4.448E-1, 1.176E-7, 3.532E-1, 6.981E+0, -1.132E+0, 5.075E-1, 1.159E+0, 1.432E-7, 1.126E-1, 9.108E+0, -4.274E-1, 1.453E-1, 7.527E-1, 2.279E-7, 9.677E-2, 7.832E+0, -3.724E-1, 1.554E-1, 7.145E-1, 5.854E-7, 6.321E-2, 7.494E+0, -1.685E-1, 6.928E-2, 6.644E-1, 1.306E-6, 5.824E-2, 6.432E+0, -1.980E-1, 1.115E-1, 6.716E-1, 2.028E-6, 4.521E-2, 6.413E+0, -8.179E-2, 6.587E-2
71, -5.787E-1, 6.901E-9, 2.456E+0, 6.005E+0, -8.230E+0, 4.900E+0, 3.375E-1, 3.801E-8, -6.462E-2, 6.657E+0, -1.054E-2, -6.153E-1, 3.444E-1, 5.253E-8, 9.457E-1, 6.854E+0, -2.993E+0, 2.021E+0, 4.220E-1, 1.133E-7, 3.701E-1, 6.974E+0, -1.185E+0, 5.386E-1, 1.149E+0, 1.374E-7, 1.156E-1, 9.089E+0, -4.389E-1, 1.466E-1, 7.441E-1, 2.186E-7, 9.989E-2, 7.798E+0, -3.836E-1, 1.591E-1, 7.046E-1, 5.663E-7, 6.429E-2, 7.448E+0, -1.709E-1, 6.881E-2, 6.570E-1, 1.253E-6, 6.043E-2, 6.401E+0, -2.052E-1, 1.155E-1, 6.652E-1, 1.947E-6, 4.654E-2, 6.380E+0, -8.413E-2, 6.712E-2
72, -5.959E-1, 6.642E-9, 2.538E+0, 6.013E+0, -8.462E+0, 5.028E+0, 3.153E-1, 3.644E-8, -6.533E-2, 6.644E+0, -1.665E-2, -6.316E-1, 3.176E-1, 5.039E-8, 1.008E+0, 6.849E+0, -3.161E+0, 2.158E+0, 3.985E-1, 1.088E-7, 3.727E-1, 6.973E+0, -1.203E+0, 5.323E-1, 1.142E+0, 1.310E-7, 1.189E-1, 9.076E+0, -4.527E-1, 1.482E-1, 7.369E-1, 2.083E-7, 1.020E-1, 7.764E+0, -3.909E-1, 1.594E-1, 6.976E-1, 5.431E-7, 6.429E-2, 7.406E+0, -1.682E-1, 6.392E-2, 6.575E-1, 1.180E-6, 6.320E-2, 6.400E+0, -2.155E-1, 1.193E-1, 6.653E-1, 1.835E-6, 4.790E-2, 6.379E+0, -8.725E-2, 6.668E-2
73, -6.124E-1, 6.395E-9, 2.637E+0, 6.025E+0, -8.778E+0, 5.260E+0, 2.910E-1, 3.495E-8, -7.332E-2, 6.631E+0, -6.738E-3, -6.641E-1, 2.885E-1, 4.837E-8, 1.067E+0, 6.841E+0, -3.302E+0, 2.271E+0, 3.777E-1, 1.046E-7, 4.037E-1, 6.979E+0, -1.297E+0, 5.971E-1, 1.134E+0, 1.250E-7, 1.233E-1, 9.067E+0, -4.711E-1, 1.526E-1, 7.293E-1, 1.985E-7, 1.058E-1, 7.735E+0, -4.043E-1, 1.645E-1, 6.923E-1, 5.211E-7, 6.414E-2, 7.365E+0, -1.646E-1, 5.820E-2, 6.562E-1, 1.114E-6, 6.684E-2, 6.398E+0, -2.289E-1, 1.260E-1, 6.649E-1, 1.732E-6, 4.935E-2, 6.378E+0, -8.963E-2, 6.604E-2
74, -6.293E-1, 6.159E-9, 2.736E+0, 6.038E+0, -9.079E+0, 5.466E+0, 2.655E-1, 3.353E-8, -8.074E-2, 6.619E+0, 2.301E-3, -6.961E-1, 2.608E-1, 4.646E-8, 1.103E+0, 6.835E+0, -3.437E+0, 2.363E+0, 3.559E-1, 1.007E-7, 4.313E-1, 6.982E+0, -1.378E+0, 6.540E-1, 1.126E+0, 1.192E-7, 1.269E-1, 9.059E+0, -4.839E-1, 1.537E-1, 7.222E-1, 1.892E-7, 1.089E-1, 7.708E+0, -4.148E-1, 1.669E-1, 6.855E-1, 5.002E-7, 6.492E-2, 7.327E+0, -1.644E-1, 5.561E-2, 6.540E-1, 1.053E-6, 6.734E-2, 6.394E+0, -2.279E-1, 1.215E-1, 6.639E-1, 1.637E-6, 5.137E-2, 6.376E+0, -9.466E-2, 6.739E-2
75, -6.453E-1, 5.933E-9, 2.831E+0, 6.044E+0, -9.361E+0, 5.662E+0, 2.408E-1, 3.218E-8, -8.577E-2, 6.609E+0, 5.014E-3, -7.225E-1, 2.332E-1, 4.464E-8, 1.180E+0, 6.826E+0, -3.604E+0, 2.508E+0, 3.335E-1, 9.688E-8, 4.564E-1, 6.985E+0, -1.454E+0, 7.035E-1, 1.119E+0, 1.138E-7, 1.311E-1, 9.055E+0, -5.003E-1, 1.568E-1, 7.143E-1, 1.804E-7, 1.126E-1, 7.683E+0, -4.279E-1, 1.712E-1, 6.783E-1, 4.803E-7, 6.564E-2, 7.292E+0, -1.644E-1, 5.271E-2, 6.515E-1, 9.973E-7, 7.331E-2, 6.393E+0, -2.530E-1, 1.364E-1, 6.604E-1, 1.550E-6, 5.260E-2, 6.374E+0, -9.706E-2, 6.622E-2
76, -6.567E-1, 5.718E-9, 2.862E+0, 6.050E+0, -9.483E+0, 5.671E+0, 2.158E-1, 3.089E-8, -8.920E-2, 6.599E+0, 2.962E-3, -7.449E-1, 2.000E-1, 4.292E-8, 1.221E+0, 6.825E+0, -3.775E+0, 2.625E+0, 3.084E-1, 9.330E-8, 4.722E-1, 6.989E+0, -1.509E+0, 7.296E-1, 1.112E+0, 1.086E-7, 1.363E-1, 9.054E+0, -5.207E-1, 1.625E-1, 7.057E-1, 1.721E-7, 1.167E-1, 7.661E+0, -4.427E-1, 1.765E-1, 6.693E-1, 4.614E-7, 6.526E-2, 7.258E+0, -1.606E-1, 4.617E-2, 6.464E-1, 9.455E-7, 7.754E-2, 6.391E+0, -2.688E-1, 1.448E-1, 6.570E-1, 1.470E-6, 5.479E-2, 6.372E+0, -1.024E-1, 6.793E-2
77, -6.735E-1, 5.511E-9, 2.971E+0, 6.065E+0, -9.834E+0, 5.934E+0, 1.912E-1, 2.966E-8, -9.201E-2, 6.591E+0, -4.971E-4, -7.663E-1, 1.696E-1, 4.128E-8, 1.254E+0, 6.814E+0, -3.862E+0, 2.678E+0, 2.853E-1, 8.990E-8, 4.986E-1, 6.994E+0, -1.589E+0, 7.819E-1, 1.104E+0, 1.036E-7, 1.421E-1, 9.057E+0, -5.450E-1, 1.698E-1, 6.973E-1, 1.642E-7, 1.188E-1, 7.639E+0, -4.491E-1, 1.750E-1, 6.611E-1, 4.435E-7, 6.526E-2, 7.225E+0, -1.575E-1, 4.097E-2, 6.433E-1, 8.976E-7, 8.124E-2, 6.389E+0, -2.823E-1, 1.511E-1, 6.529E-1, 1.395E-6, 5.773E-2, 6.370E+0, -1.113E-1, 7.225E-2
78, -6.884E-1, 5.315E-9, 3.085E+0, 6.078E+0, -1.016E+1, 6.161E+0, 1.663E-1, 2.849E-8, -9.806E-2, 6.583E+0, 1.921E-3, -7.955E-1, 1.430E-1, 3.976E-8, 1.310E+0, 6.804E+0, -4.038E+0, 2.817E+0, 2.649E-1, 8.676E-8, 5.105E-1, 6.989E+0, -1.626E+0, 7.967E-1, 1.095E+0, 9.911E-8, 1.481E-1, 9.056E+0, -5.675E-1, 1.776E-1, 6.921E-1, 1.570E-7, 1.241E-1, 7.616E+0, -4.684E-1, 1.840E-1, 6.535E-1, 4.276E-7, 6.480E-2, 7.186E+0, -1.537E-1, 3.466E-2, 6.344E-1, 8.534E-7, 8.540E-2, 6.390E+0, -3.015E-1, 1.592E-1, 6.470E-1, 1.327E-6, 5.822E-2, 6.368E+0, -1.108E-1, 6.828E-2
79, -6.761E-1, 5.126E-9, 3.132E+0, 6.068E+0, -1.019E+1, 6.048E+0, 1.416E-1, 2.737E-8, -9.608E-2, 6.577E+0, -1.273E-2, -8.063E-1, 1.124E-1, 3.829E-8, 1.368E+0, 6.798E+0, -4.207E+0, 2.946E+0, 2.421E-1, 8.369E-8, 5.542E-1, 6.998E+0, -1.755E+0, 8.937E-1, 1.085E+0, 9.465E-8, 1.530E-1, 9.062E+0, -5.857E-1, 1.810E-1, 6.830E-1, 1.499E-7, 1.286E-1, 7.599E+0, -4.845E-1, 1.895E-1, 6.452E-1, 4.114E-7, 6.466E-2, 7.156E+0, -1.511E-1, 2.887E-2, 6.279E-1, 8.121E-7, 8.946E-2, 6.387E+0, -3.160E-1, 1.665E-1, 6.403E-1, 1.263E-6, 6.045E-2, 6.368E+0, -1.200E-1, 7.030E-2
80, -7.141E-1, 4.945E-9, 3.227E+0, 6.096E+0, -1.065E+1, 6.451E+0, 1.165E-1, 2.628E-8, -1.018E-1, 6.572E+0, -1.080E-2, -8.363E-1, 8.068E-2, 3.686E-8, 1.407E+0, 6.793E+0, -4.336E+0, 3.030E+0, 2.181E-1, 8.069E-8, 5.691E-1, 7.003E+0, -1.804E+0, 9.157E-1, 1.076E+0, 9.026E-8, 1.592E-1, 9.075E+0, -6.095E-1, 1.879E-1, 6.689E-1, 1.429E-7, 1.332E-1, 7.589E+0, -5.009E-1, 1.952E-1, 6.381E-1, 3.950E-7, 6.495E-2, 7.134E+0, -1.503E-1, 2.413E-2, 6.256E-1, 7.734E-7, 9.488E-2, 6.382E+0, -3.334E-1, 1.778E-1, 6.381E-1, 1.203E-6, 6.438E-2, 6.366E+0, -1.328E-1, 7.765E-2
81, -7.242E-1, 4.770E-9, 3.342E+0, 6.110E+0, -1.097E+1, 6.657E+0, 8.906E-2, 2.524E-8, -9.751E-2, 6.570E+0, -3.112E-2, -8.432E-1, 4.530E-2, 3.549E-8, 1.468E+0, 6.788E+0, -4.495E+0, 3.151E+0, 1.928E-1, 7.782E-8, 5.912E-1, 7.010E+0, -1.875E+0, 9.562E-1, 1.065E+0, 8.600E-8, 1.649E-1, 9.096E+0, -6.303E-1, 1.921E-1, 6.593E-1, 1.362E-7, 1.384E-1, 7.583E+0, -5.205E-1, 2.023E-1, 6.261E-1, 3.793E-7, 6.372E-2, 7.114E+0, -1.438E-1, 1.438E-2, 6.144E-1, 7.373E-7, 9.912E-2, 6.380E+0, -3.508E-1, 1.855E-1, 6.319E-1, 1.147E-6, 6.579E-2, 6.363E+0, -1.354E-1, 7.647E-2
82, -7.366E-1, 4.603E-9, 3.467E+0, 6.124E+0, -1.133E+1, 6.912E+0, 6.624E-2, 2.424E-8, -9.830E-2, 6.570E+0, -4.394E-2, -8.616E-1, 1.664E-2, 3.419E-8, 1.531E+0, 6.784E+0, -4.679E+0, 3.292E+0, 1.723E-1, 7.509E-8, 6.300E-1, 7.023E+0, -1.993E+0, 1.040E+0, 1.057E+0, 8.196E-8, 1.716E-1, 9.120E+0, -6.575E-1, 1.994E-1, 6.470E-1, 1.299E-7, 1.427E-1, 7.577E+0, -5.356E-1, 2.061E-1, 6.180E-1, 3.643E-7, 6.320E-2, 7.096E+0, -1.411E-1, 6.934E-3, 6.061E-1, 7.036E-7, 1.036E-1, 6.375E+0, -3.642E-1, 1.934E-1, 6.209E-1, 1.095E-6, 6.709E-2, 6.358E+0, -1.354E-1, 7.455E-2
83, -7.484E-1, 4.443E-9, 3.513E+0, 6.131E+0, -1.154E+1, 7.025E+0, 4.007E-2, 2.328E-8, -9.988E-2, 6.570E+0, -5.267E-2, -8.832E-1, -1.696E-2, 3.295E-8, 1.594E+0, 6.778E+0, -4.857E+0, 3.430E+0, 1.481E-1, 7.249E-8, 6.483E-1, 7.030E+0, -2.052E+0, 1.070E+0, 1.045E+0, 7.811E-8, 1.803E-1, 9.148E+0, -6.913E-1, 2.119E-1, 6.366E-1, 1.239E-7, 1.469E-1, 7.573E+0, -5.516E-1, 2.091E-1, 6.064E-1, 3.501E-7, 6.340E-2, 7.078E+0, -1.412E-1, 1.753E-3, 6.010E-1, 6.719E-7, 1.110E-1, 6.373E+0, -3.911E-1, 2.105E-1, 6.149E-1, 1.046E-6, 7.064E-2, 6.355E+0, -1.460E-1, 8.036E-2
84, -7.391E-1, 4.289E-9, 3.610E+0, 6.125E+0, -1.165E+1, 6.952E+0, 1.347E-2, 2.236E-8, -9.807E-2, 6.572E+0, -6.982E-2, -8.974E-1, -4.877E-2, 3.177E-8, 1.623E+0, 6.769E+0, -4.982E+0, 3.510E+0, 1.212E-1, 7.001E-8, 6.796E-1, 7.041E+0, -2.142E+0, 1.126E+0, 1.033E+0, 7.445E-8, 1.873E-1, 9.177E+0, -7.178E-1, 2.188E-1, 6.240E-1, 1.182E-7, 1.528E-1, 7.570E+0, -5.741E-1, 2.181E-1, 5.986E-1, 3.367E-7, 6.240E-2, 7.060E+0, -1.344E-1, -7.872E-3, 5.943E-1, 6.423E-7, 1.171E-1, 6.371E+0, -4.130E-1, 2.233E-1, 6.092E-1, 9.997E-7, 7.297E-2, 6.352E+0, -1.534E-1, 8.203E-2
85, -7.674E-1, 4.142E-9, 3.742E+0, 6.157E+0, -1.218E+1, 7.425E+0, -8.680E-3, 2.148E-8, -9.470E-2, 6.575E+0, -9.099E-2, -9.085E-1, -7.814E-2, 3.064E-8, 1.687E+0, 6.764E+0, -5.170E+0, 3.653E+0, 9.728E-2, 6.765E-8, 7.092E-1, 7.053E+0, -2.248E+0, 1.195E+0, 1.023E+0, 7.098E-8, 1.968E-1, 9.209E+0, -7.525E-1, 2.323E-1, 6.129E-1, 1.128E-7, 1.579E-1, 7.569E+0, -5.917E-1, 2.226E-1, 5.857E-1, 3.239E-7, 6.052E-2, 7.043E+0, -1.272E-1, -1.928E-2, 5.838E-1, 6.145E-7, 1.238E-1, 6.369E+0, -4.373E-1, 2.380E-1, 6.001E-1, 9.566E-7, 7.514E-2, 6.350E+0, -1.594E-1, 8.300E-2
86, -7.723E-1, 4.000E-9, 3.881E+0, 6.170E+0, -1.257E+1, 7.694E+0, -3.688E-2, 2.064E-8, -9.139E-2, 6.580E+0, -1.129E-1, -9.200E-1, -1.114E-1, 2.957E-8, 1.750E+0, 6.758E+0, -5.358E+0, 3.796E+0, 7.541E-2, 6.540E-8, 7.424E-1, 7.065E+0, -2.348E+0, 1.261E+0, 1.011E+0, 6.769E-8, 2.061E-1, 9.244E+0, -7.870E-1, 2.445E-1, 5.995E-1, 1.077E-7, 1.638E-1, 7.569E+0, -6.129E-1, 2.299E-1, 5.761E-1, 3.118E-7, 5.827E-2, 7.026E+0, -1.189E-1, -3.217E-2, 5.778E-1, 5.883E-7, 1.283E-1, 6.365E+0, -4.525E-1, 2.452E-1, 5.909E-1, 9.161E-7, 7.835E-2, 6.348E+0, -1.697E-1, 8.731E-2
87, -8.043E-1, 3.864E-9, 4.012E+0, 6.181E+0, -1.293E+1, 7.946E+0, -6.007E-2, 1.982E-8, -9.071E-2, 6.587E+0, -1.333E-1, -9.364E-1, -1.433E-1, 2.852E-8, 1.787E+0, 6.751E+0, -5.483E+0, 3.877E+0, 5.222E-2, 6.320E-8, 7.742E-1, 7.074E+0, -2.442E+0, 1.324E+0, 1.004E+0, 6.448E-8, 2.129E-1, 9.287E+0, -8.179E-1, 2.490E-1, 6.183E-1, 1.026E-7, 1.724E-1, 7.578E+0, -6.489E-1, 2.470E-1, 5.862E-1, 2.996E-7, 4.335E-2, 7.017E+0, -8.899E-2, -7.689E-2, 5.648E-1, 5.637E-7, 1.338E-1, 6.360E+0, -4.701E-1, 2.553E-1, 5.813E-1, 8.779E-7, 7.851E-2, 6.343E+0, -1.666E-1, 8.136E-2
88, -8.220E-1, 3.733E-9, 4.186E+0, 6.194E+0, -1.335E+1, 8.229E+0, -8.711E-2, 1.904E-8, -8.363E-2, 6.594E+0, -1.637E-1, -9.412E-1, -1.768E-1, 2.751E-8, 1.844E+0, 6.746E+0, -5.647E+0, 3.994E+0, 2.648E-2, 6.106E-8, 8.189E-1, 7.090E+0, -2.572E+0, 1.419E+0, 9.894E-1, 6.142E-8, 2.261E-1, 9.312E+0, -8.634E-1, 2.711E-1, 5.770E-1, 9.775E-8, 1.742E-1, 7.555E+0, -6.498E-1, 2.395E-1, 5.549E-1, 2.877E-7, 5.290E-2, 6.987E+0, -9.986E-2, -6.066E-2, 5.641E-1, 5.263E-7, 1.434E-1, 6.413E+0, -5.066E-1, 2.738E-1, 5.796E-1, 8.249E-7, 7.333E-2, 6.366E+0, -1.357E-1, 5.537E-2
89, -8.283E-1, 3.607E-9, 4.300E+0, 6.209E+0, -1.370E+1, 8.450E+0, -1.084E-1, 1.829E-8, -7.980E-2, 6.602E+0, -1.894E-1, -9.525E-1, -2.132E-1, 2.656E-8, 1.916E+0, 6.740E+0, -5.870E+0, 4.172E+0, 4.731E-3, 5.906E-8, 8.354E-1, 7.100E+0, -2.635E+0, 1.447E+0, 9.797E-1, 5.853E-8, 2.401E-1, 9.344E+0, -9.155E-1, 2.951E-1, 5.653E-1, 9.324E-8, 1.795E-1, 7.543E+0, -6.692E-1, 2.445E-1, 5.462E-1, 2.768E-7, 5.000E-2, 6.955E+0, -9.051E-2, -7.470E-2, 5.617E-1, 4.961E-7, 1.566E-1, 6.453E+0, -5.563E-1, 3.042E-1, 5.812E-1, 7.727E-7, 9.027E-2, 6.437E+0, -2.118E-1, 9.907E-2
90, -8.568E-1, 3.486E-9, 4.450E+0, 6.222E+0, -1.409E+1, 8.706E+0, -1.370E-1, 1.759E-8, -7.842E-2, 6.611E+0, -2.087E-1, -9.707E-1, -2.438E-1, 2.567E-8, 1.970E+0, 6.732E+0, -6.028E+0, 4.282E+0, -2.130E-2, 5.721E-8, 8.696E-1, 7.110E+0, -2.740E+0, 1.517E+0, 9.679E-1, 5.589E-8, 2.514E-1, 9.383E+0, -9.585E-1, 3.109E-1, 5.519E-1, 8.914E-8, 1.848E-1, 7.538E+0, -6.886E-1, 2.494E-1, 5.346E-1, 2.672E-7, 4.754E-2, 6.932E+0, -8.255E-2, -8.765E-2, 5.548E-1, 4.736E-7, 1.652E-1, 6.465E+0, -5.865E-1, 3.219E-1, 5.747E-1, 7.376E-7, 9.382E-2, 6.450E+0, -2.240E-1, 1.026E-1
91, -8.635E-1, 3.370E-9, 4.479E+0, 6.223E+0, -1.426E+1, 8.771E+0, -1.580E-1, 1.691E-8, -7.239E-2, 6.622E+0, -2.414E-1, -9.783E-1, -2.765E-1, 2.482E-8, 2.000E+0, 6.717E+0, -6.139E+0, 4.349E+0, -4.290E-2, 5.544E-8, 9.104E-1, 7.119E+0, -2.859E+0, 1.602E+0, 9.545E-1, 5.338E-8, 2.657E-1, 9.426E+0, -1.010E+0, 3.343E-1, 5.368E-1, 8.525E-8, 1.868E-1, 7.535E+0, -6.940E-1, 2.415E-1, 5.228E-1, 2.582E-7, 4.332E-2, 6.908E+0, -6.943E-2, -1.055E-1, 5.452E-1, 4.528E-7, 1.720E-1, 6.473E+0, -6.068E-1, 3.337E-1, 5.665E-1, 7.053E-7, 9.676E-2, 6.462E+0, -2.340E-1, 1.042E-1
92, -8.670E-1, 3.259E-9, 4.594E+0, 6.232E+0, -1.458E+1, 8.968E+0, -1.862E-1, 1.625E-8, -5.604E-2, 6.637E+0, -2.993E-1, -9.618E-1, -3.127E-1, 2.401E-8, 2.070E+0, 6.708E+0, -6.363E+0, 4.526E+0, -6.611E-2, 5.376E-8, 9.387E-1, 7.131E+0, -2.956E+0, 1.660E+0, 9.397E-1, 5.099E-8, 2.720E-1, 9.471E+0, -1.033E+0, 3.309E-1, 5.230E-1, 8.155E-8, 1.976E-1, 7.535E+0, -7.354E-1, 2.645E-1, 5.116E-1, 2.496E-7, 3.891E-2, 6.885E+0, -5.558E-2, -1.238E-1, 5.364E-1, 4.335E-7, 1.820E-1, 6.483E+0, -6.413E-1, 3.552E-1, 5.599E-1, 6.752E-7, 1.015E-1, 6.473E+0, -2.503E-1, 1.112E-1
93, -8.564E-1, 3.151E-9, 4.792E+0, 6.246E+0, -1.506E+1, 9.282E+0, -2.091E-1, 1.562E-8, -4.656E-2, 6.652E+0, -3.417E-1, -9.622E-1, -3.456E-1, 2.323E-8, 2.131E+0, 6.697E+0, -6.550E+0, 4.667E+0, -9.043E-2, 5.214E-8, 9.744E-1, 7.138E+0, -3.061E+0, 1.732E+0, 9.261E-1, 4.871E-8, 2.854E-1, 9.520E+0, -1.082E+0, 3.502E-1, 5.084E-1, 7.803E-8, 2.031E-1, 7.535E+0, -7.566E-1, 2.691E-1, 4.989E-1, 2.415E-7, 3.340E-2, 6.863E+0, -3.902E-2, -1.451E-1, 5.275E-1, 4.155E-7, 1.935E-1, 6.492E+0, -6.793E-1, 3.806E-1, 5.510E-1, 6.472E-7, 1.030E-1, 6.479E+0, -2.511E-1, 1.078E-1
94, -8.727E-1, 3.048E-9, 4.913E+0, 6.254E+0, -1.539E+1, 9.479E+0, -2.363E-1, 1.502E-8, -4.141E-2, 6.669E+0, -3.750E-1, -9.734E-1, -3.742E-1, 2.249E-8, 2.195E+0, 6.683E+0, -6.740E+0, 4.813E+0, -1.133E-1, 5.060E-8, 9.929E-1, 7.143E+0, -3.129E+0, 1.766E+0, 9.113E-1, 4.654E-8, 3.007E-1, 9.573E+0, -1.124E+0, 3.665E-1, 4.928E-1, 7.466E-8, 2.131E-1, 7.538E+0, -7.909E-1, 2.859E-1, 4.864E-1, 2.337E-7, 3.132E-2, 6.842E+0, -3.341E-2, -1.564E-1, 5.175E-1, 3.986E-7, 2.006E-1, 6.499E+0, -7.032E-1, 3.930E-1, 5.420E-1, 6.211E-7, 1.050E-1, 6.487E+0, -2.569E-1, 1.063E-1
95, -8.553E-1, 2.948E-9, 5.078E+0, 6.264E+0, -1.581E+1, 9.738E+0, -2.612E-1, 1.444E-8, -2.321E-2, 6.689E+0, -4.387E-1, -9.563E-1, -4.066E-1, 2.177E-8, 2.219E+0, 6.665E+0, -6.844E+0, 4.872E+0, -1.379E-1, 4.913E-8, 1.037E+0, 7.154E+0, -3.263E+0, 1.863E+0, 8.996E-1, 4.446E-8, 3.412E-1, 9.638E+0, -1.274E+0, 4.700E-1, 4.784E-1, 7.145E-8, 2.212E-1, 7.543E+0, -8.202E-1, 2.970E-1, 4.737E-1, 2.263E-7, 2.630E-2, 6.820E+0, -1.914E-2, -1.760E-1, 5.079E-1, 3.828E-7, 2.124E-1, 6.507E+0, -7.435E-1, 4.193E-1, 5.336E-1, 5.965E-7, 1.105E-1, 6.496E+0, -2.766E-1, 1.157E-1
96, -8.427E-1, 2.852E-9, 5.085E+0, 6.261E+0, -1.593E+1, 9.770E+0, -2.850E-1, 1.388E-8, -5.337E-3, 6.712E+0, -5.024E-1, -9.409E-1, -4.479E-1, 2.109E-8, 2.360E+0, 6.624E+0, -7.054E+0, 5.104E+0, -1.608E-1, 4.771E-8, 1.077E+0, 7.165E+0, -3.387E+0, 1.947E+0, 8.852E-1, 4.247E-8, 3.629E-1, 9.700E+0, -1.348E+0, 5.096E-1, 4.622E-1, 6.838E-8, 2.296E-1, 7.549E+0, -8.503E-1, 3.083E-1, 4.589E-1, 2.193E-7, 2.003E-2, 6.799E+0, -7.623E-4, -1.992E-1, 4.933E-1, 3.679E-7, 2.256E-1, 6.516E+0, -7.881E-1, 4.494E-1, 5.248E-1, 5.733E-7, 1.131E-1, 6.503E+0, -2.845E-1, 1.157E-1
97, -8.665E-1, 2.760E-9, 5.232E+0, 6.269E+0, -1.632E+1, 1.000E+1, -3.080E-1, 1.334E-8, 1.332E-2, 6.737E+0, -5.705E-1, -9.228E-1, -4.526E-1, 2.043E-8, 2.433E+0, 6.626E+0, -7.299E+0, 5.268E+0, -1.849E-1, 4.635E-8, 1.111E+0, 7.173E+0, -3.489E+0, 2.014E+0, 8.695E-1, 4.057E-8, 3.883E-1, 9.770E+0, -1.435E+0, 5.578E-1, 4.457E-1, 6.544E-8, 2.411E-1, 7.558E+0, -8.900E-1, 3.276E-1, 4.463E-1, 2.126E-7, 1.332E-2, 6.778E+0, 1.807E-2, -2.234E-1, 4.874E-1, 3.538E-7, 2.394E-1, 6.525E+0, -8.345E-1, 4.809E-1, 5.146E-1, 5.515E-7, 1.159E-1, 6.513E+0, -2.961E-1, 1.167E-1
98, -9.117E-1, 2.670E-9, 5.424E+0, 6.279E+0, -1.677E+1, 1.028E+1, -3.324E-1, 1.282E-8, 3.601E-2, 6.764E+0, -6.507E-1, -8.941E-1, -4.974E-1, 1.979E-8, 2.456E+0, 6.598E+0, -7.379E+0, 5.316E+0, -2.059E-1, 4.505E-8, 1.160E+0, 7.185E+0, -3.633E+0, 2.121E+0, 8.539E-1, 3.875E-8, 4.163E-1, 9.843E+0, -1.528E+0, 6.113E-1, 4.301E-1, 6.262E-8, 2.479E-1, 7.568E+0, -9.159E-1, 3.342E-1, 4.325E-1, 2.061E-7, 9.653E-3, 6.759E+0, 2.632E-2, -2.388E-1, 4.763E-1, 3.405E-7, 2.485E-1, 6.530E+0, -8.639E-1, 4.981E-1, 5.045E-1, 5.309E-7, 1.205E-1, 6.519E+0, -3.100E-1, 1.228E-1
99, -9.054E-1, 2.584E-9, 5.609E+0, 6.287E+0, -1.722E+1, 1.055E+1, -3.557E-1, 1.231E-8, 3.262E-2, 6.790E+0, -6.341E-1, -9.674E-1, -5.170E-1, 1.918E-8, 2.516E+0, 6.589E+0, -7.585E+0, 5.460E+0, -2.282E-1, 4.380E-8, 1.180E+0, 7.192E+0, -3.711E+0, 2.161E+0, 8.381E-1, 3.700E-8, 4.394E-1, 9.909E+0, -1.539E+0, 6.150E-1, 4.125E-1, 5.991E-8, 2.602E-1, 7.582E+0, -9.589E-1, 3.549E-1, 4.190E-1, 2.000E-7, 4.987E-3, 6.740E+0, 4.000E-2, -2.577E-1, 4.650E-1, 3.280E-7, 2.629E-1, 6.537E+0, -9.096E-1, 5.303E-1, 4.951E-1, 5.115E-7, 1.252E-1, 6.526E+0, -3.263E-1, 1.291E-1