22,23,24,25,26,27,28,29,30,31,32,33,34,35,36,37,38,39,40,41,42,43,44,45,46,47,48,49,50,51,52,53,54,55,56,57,58,59,60,61,62,63,64,65,66,67,68,69,70,71,72,73,74,75,76,77,78,79,80,81,82,83,84,85,86,87,88,89,90,91,92
31,21.7,15.5,11.4,8.5,6.4,4.9,3.8,3,2.3,1.9,1.5,1.2,1,0.8,0.7,0.5,0.5,0.4,0.3,0.3,0.2,0.2,0.2,0.1,0.1,0.1,0.1,0.1,0.1,0.1,0.1,0,0,0,0,0,0,0,0,0,0,0,0,0,0,0,0,0,0,0,0,0,0,0,0,0,0,0,0,0,0,0,0,0,0,0,0,0,0,0
436.3,305.8,219.5,161.6,120.4,91.2,69.6,54,42.3,33.4,26.6,21.3,17.3,14.1,11.5,9.5,7.9,6.6,5.5,4.7,4,3.4,2.9,2.5,2.1,1.8,1.6,1.4,1.3,1.1,0.9,0.8,0.7,0.6,0.6,0.5,0.5,0.4,0.4,0.3,0.3,0.3,0.2,0.2,0.2,0.2,0.2,0.1,0.1,0.1,0.1,0.1,0.1,0.1,0.1,0.1,0.1,0.1,0.1,0.1,0,0,0,0,0,0,0,0,0,0,0
2509,1272.3,1233,892,655,487,366,279,214,140.8,112.2,90.1,73.1,59.6,48.9,40.4,33.6,28.1,23.6,19.9,16.9,14.4,12.3,10.6,9.1,7.9,6.9,6,5.4,4.6,4,3.6,3.2,2.8,2.5,2.2,2,1.8,1.6,1.4,1.3,1.1,1,0.9,0.8,0.8,0.7,0.6,0.6,0.5,0.5,0.4,0.4,0.4,0.3,0.3,0.3,0.3,0.2,0.2,0.2,0.2,0.2,0.2,0.2,0.1,0.1,0.1,0.1,0.1,0.1
5967,3313,3064,2257,1684,1268,963,745,578,370.8,295.9,237.9,193.1,157.7,129.4,107.1,89.1,74.5,62.8,53,45,38.4,32.9,28.3,24.4,21.2,18.4,16.1,14.4,12.3,10.9,9.6,8.5,7.5,6.7,5.9,5.3,4.7,4.2,3.8,3.4,3.1,2.8,2.5,2.3,2.1,1.9,1.7,1.6,1.4,1.3,1.2,1.1,1,0.9,0.8,0.8,0.7,0.7,0.6,0.6,0.5,0.5,0.5,0.4,0.4,0.4,0.3,0.3,0.3,0.3
11000,6747.4,5868,4393,3314,2531,1947,1510,1188,762.7,609.4,490.5,398.4,325.7,267.4,221.7,184.4,154.4,130.1,110,93.5,79.8,68.4,58.9,50.9,44.1,38.4,33.5,30.1,25.8,22.7,20,17.7,15.7,14,12.5,11.1,9.9,8.9,8,7.2,6.5,5.9,5.3,4.8,4.4,4,3.6,3.3,3,2.8,2.5,2.3,2.1,2,1.8,1.7,1.5,1.4,1.3,1.2,1.1,1,1,0.9,0.8,0.8,0.7,0.7,0.6,0.6
17960,11825.5,9902,7495,5786,4451,3457,2714,2147,1348.7,1078.4,868.8,706.3,577.9,474.9,393.9,327.9,274.8,231.8,196.1,166.8,142.4,122.1,105.2,91,79,68.7,60,53.9,46.2,40.7,35.9,31.8,28.2,25.1,22.4,20,17.9,16.1,14.4,13,11.7,10.6,9.6,8.7,7.9,7.2,6.5,6,5.4,5,4.6,4.2,3.8,3.5,3.3,3,2.8,2.6,2.4,2.2,2,1.9,1.7,1.6,1.5,1.4,1.3,1.2,1.1,1.1
24830,18739,14000,10740,8344,6496,5069,4022,3205,2154.3,1724,1390,1130.9,926,761.5,632,526.5,441.6,372.6,315.4,268.5,229.4,196.8,169.7,146.7,127.5,110.9,97,87.1,74.7,65.8,58.2,51.5,45.7,40.7,36.3,32.5,29,26.1,23.4,21.1,19,17.2,15.6,14.1,12.8,11.7,10.6,9.7,8.9,8.1,7.4,6.8,6.3,5.8,5.3,4.9,4.5,4.2,3.9,3.6,3.3,3.1,2.9,2.7,2.5,2.3,2.1,2,1.9,1.7
1756,1266.4,18740,14500,11300,8877,6961,5601,4476,3199.8,2562.7,2067.6,1683.4,1379.3,1135,942.7,785.8,659.4,556.7,471.5,401.5,343.3,294.7,254.1,219.9,191.1,166.4,145.5,130.8,112.2,98.9,87.4,77.5,68.8,61.3,54.7,48.9,43.8,39.3,35.3,31.8,28.7,26,23.5,21.3,19.4,17.6,16.1,14.7,13.4,12.3,11.3,10.3,9.5,8.7,8.1,7.4,6.9,6.3,5.9,5.4,5,4.7,4.3,4,3.8,3.5,3.3,3,2.8,2.7
2490,1953.8,1344,1021,13860,10910,8647,6941,5620,4501.2,3607.4,2912.5,2372.8,1945.4,1601.7,1331.1,1110.2,932.1,787.4,667.2,568.5,486.3,417.6,360.3,311.9,271.2,236.3,206.7,185.8,159.4,140.7,124.4,110.3,98,87.3,77.9,69.7,62.4,56,50.4,45.4,41,37.1,33.6,30.5,27.7,25.2,23,21,19.2,17.6,16.1,14.8,13.6,12.5,11.6,10.7,9.8,9.1,8.4,7.8,7.2,6.7,6.2,5.8,5.4,5,4.7,4.4,4.1,3.8
3845,2862.2,1541,1178,917,715,9190,7463,7463,6070.7,4868.3,3932.9,3206,2630,2166.6,1801.5,1503.3,1262.8,1067.3,904.8,771.3,660.1,567.1,489.5,424,368.7,321.4,281.2,252.9,217.1,191.7,169.5,150.4,133.6,119.1,106.3,95.1,85.2,76.5,68.8,62.1,56,50.7,46,41.7,37.9,34.5,31.5,28.8,26.3,24.1,22.1,20.3,18.7,17.2,15.8,14.6,13.5,12.5,11.6,10.7,9.9,9.2,8.6,8,7.4,6.9,6.4,6,5.6,5.2
5429,4023.5,2884,2166,1647,1269,983,775,608,7917.6,6353.2,5135.4,4188.6,3437.9,2833.6,2357.2,1968,1654,1398.5,1186.1,1011.5,866.1,744.4,642.8,556.9,484.5,422.5,369.8,332.6,285.7,252.3,223.2,198.1,176.1,157,140.2,125.4,112.4,101,90.8,82,74,67,60.8,55.1,50.1,45.7,41.7,38.1,34.8,31.9,29.3,26.9,24.7,22.8,21,19.4,17.9,16.6,15.3,14.2,13.2,12.2,11.4,10.6,9.9,9.2,8.6,8,7.5,7
7643.2,5468.6,4121,3105,2364,1818,1411,1110,880,677.7,546.5,443.9,5324.5,4372.4,3605.7,3000.9,2506.6,2107.5,1782.7,1512.6,1290.5,1105.4,950.4,821,711.6,619.3,540.2,473,425.6,365.6,323,285.8,253.7,225.6,201.3,179.8,160.9,144.2,129.6,116.6,105.2,95,86.1,78.1,70.9,64.5,58.7,53.6,49,44.8,41.1,37.7,34.6,31.9,29.3,27.1,25,23.1,21.4,19.8,18.3,17,15.8,14.7,13.6,12.7,11.8,11.1,10.3,9.6,9
9720,7227.6,5368,4040,3081,2379,1848,1453,1152,895.6,722.3,586.7,480.8,396.4,4485,3734.3,3120.6,2624.8,2221.2,1885.4,1609.1,1378.8,1185.9,1024.8,888.5,773.6,675,591.2,532,457.3,404.1,357.7,317.6,282.5,252.1,225.2,201.6,180.7,162.5,146.2,132,119.2,108,98,89,80.9,73.7,67.3,61.5,56.3,51.6,47.4,43.6,40.1,36.9,34.1,31.4,29.1,26.9,24.9,23.1,21.4,19.9,18.5,17.2,16,14.9,13.9,13,12.2,11.4
12700,9329.7,7034,5379,4112,3188,2484,1959,1558,1156.1,932.4,757.4,620.6,511.7,423.7,353.9,296.7,3207.1,2715,2305.3,1968.3,1687.1,1451.6,1254.8,1088.3,947.8,827.2,724.8,652.4,561,495.8,439,389.9,346.9,309.7,276.7,247.7,222.1,199.8,179.8,162.4,146.7,133,120.7,109.6,99.7,90.8,83,75.8,69.4,63.7,58.4,53.7,49.4,45.5,42,38.8,35.9,33.2,30.7,28.5,26.5,24.6,22.8,21.3,19.8,18.5,17.2,16.1,15,14.1
14970,11803.2,8468,6527,5007,3902,3041,2405,1917,1462.7,1179.6,958.2,785.2,647.4,536,447.8,375.4,316.8,268.9,2773.1,2368.4,2030.8,1747.8,1511.3,1311.2,1142.3,997.3,874,786.9,676.8,598.4,530,470.8,419,374.1,334.3,299.4,268.6,241.6,217.4,196.4,177.5,160.9,146.1,132.6,120.7,110,100.5,91.9,84.1,77.2,70.9,65.1,60,55.3,51,47.1,43.5,40.3,37.3,34.6,32.1,29.9,27.7,25.8,24.1,22.4,21,19.6,18.3,17.1
18330,14675.2,10600,8198,6377,4950,3888,3079,2459,1818.6,1466.6,1191.3,976.3,804.9,666.4,556.7,466.7,393.8,334.3,284.6,243.6,209.3,2075,1794.7,1557.5,1357.3,1185.3,1039,935.7,805.1,712,630.7,560.5,498.8,445.5,398.3,356.8,320.1,288,259.2,234.3,211.7,192,174.3,158.3,144.1,131.4,120,109.7,100.5,92.2,84.7,77.8,71.7,66.1,61,56.3,52.1,48.2,44.6,41.4,38.5,35.8,33.2,30.9,28.8,26.9,25.1,23.4,21.9,20.5
20570,17971.9,12100,9367,7366,5750,4522,3596,2876,2227.1,1796.1,1459,1195.6,985.8,816.1,681.8,571.6,482.3,409.4,348.5,298.3,256.3,221.1,191.5,1827.5,1592.9,1391.5,1220.1,1099,945.8,836.6,741.3,658.9,586.6,524,468.5,419.8,376.7,339,305.3,275.9,249.4,226.2,205.4,186.6,169.9,154.9,141.5,129.4,118.6,108.8,99.9,91.9,84.6,78,72,66.5,61.5,56.9,52.7,49,45.4,42.3,39.3,36.6,34.1,31.8,29.7,27.7,25.9,24.3
22270,19000,13270,10370,8155,6453,5070,4049,3247,2691.4,2170.5,1763.1,1444.8,1191.2,986.3,823.9,690.8,582.8,494.7,421.2,360.5,309.8,267.2,231.5,201.2,175.6,153.6,1417.2,1276.8,1099.2,972.5,861.9,766.3,682.3,609.7,545.2,488.6,438.5,394.8,355.5,321.4,290.6,263.6,239.3,217.5,198,180.6,165,151,138.3,126.9,116.6,107.2,98.8,91.1,84.1,77.7,71.9,66.5,61.6,57.2,53.1,49.4,45.9,42.8,39.9,37.2,34.7,32.4,30.3,28.4
26880,20000,15830,12350,9710,7682,6091,4887,4109,3214.4,2592.3,2105.7,1725.6,1422.7,1177.9,984,825,696.1,590.9,503,430.6,370,319.1,276.5,240.3,209.8,183.5,161.1,145.3,125.2,1119.7,992.6,882.6,786,702.5,628.4,563.2,505.6,455.2,410,370.7,335.3,304.2,276.2,251.1,228.7,208.5,190.6,174.4,159.8,146.7,134.8,123.9,114.2,105.3,97.2,89.8,83.1,77,71.3,66.2,61.5,57.2,53.1,49.5,46.2,43.1,40.2,37.6,35.1,32.9
30340,22000,18160,14310,11350,9007,7163,5771,4685,3799,3063.8,2488.7,2039.4,1681.5,1392.1,1163,975,822.7,698.3,594.5,508.9,437.3,377.1,326.7,284,247.9,216.8,190.4,171.7,148,131,116.3,1007.9,897.8,802.5,718,643.7,577.9,520.5,468.9,424,383.5,348,316.1,287.3,261.7,238.7,218.3,199.7,183,168,154.4,142,130.8,120.7,111.4,103,95.3,88.3,81.8,76,70.5,65.6,61,56.8,53,49.4,46.2,43.1,40.3,37.8
28420,24000,19500,15380,12200,9724,7754,6250,5068,4447.9,3587.1,2913.8,2387.7,1968.7,1629.9,1361.6,1141.6,963.2,817.6,696.1,595.8,511.9,441.5,382.6,332.5,290.3,253.9,222.9,201,173.2,153.4,136.1,121.1,107.9,96.5,814.1,730,655.5,590.5,532,481.2,435.3,395,358.9,326.3,297.3,271.2,248,227,208,191,175.5,161.5,148.8,137.2,126.7,117.2,108.4,100.4,93.1,86.5,80.3,74.7,69.4,64.7,60.4,56.3,52.6,49.1,46,43.1
3318,23000,21190,16740,13370,10670,8557,6930,5627,5163.7,4164.4,3382.8,2772,2285.6,1892.3,1580.8,1325.3,1118.3,949.2,808.1,691.7,594.3,512.6,444.1,386.1,337,294.8,258.8,233.3,201.1,178.1,158,140.6,125.3,112.1,100.3,90,738.4,665.2,599.5,542.3,490.7,445.4,404.7,368,335.3,305.9,279.8,256.1,234.8,215.5,198.1,182.3,168,155,143.1,132.3,122.5,113.5,105.2,97.7,90.7,84.4,78.5,73.1,68.3,63.7,59.5,55.6,52,48.7
3646,3500,19920,18160,14470,11630,9370,7617,6206,5949,4797.8,3897.2,3193.6,2633.1,2180,1821.2,1526.8,1288.3,1093.5,931,796.9,684.7,590.6,511.7,444.8,388.2,339.6,298.1,268.8,231.7,205.2,182,162,144.4,129.1,115.6,103.7,93.1,83.9,75.6,607.3,549.6,498.9,453.4,412.4,375.8,342.9,313.7,287.2,263.3,241.7,222.3,204.5,188.5,173.9,160.6,148.5,137.5,127.4,118.1,109.7,101.9,94.8,88.2,82.2,76.7,71.6,66.9,62.5,58.4,54.8
4256,4000,2612,18670,16730,13430,10840,8836,7215,6806.1,5489,4458.7,3653.7,3012.5,2494.1,2083.6,1746.8,1473.9,1251.1,1065.1,911.7,783.4,675.6,585.4,508.9,444.2,388.5,341.1,307.6,265.1,234.8,208.3,185.3,165.2,147.7,132.2,118.6,106.5,96,86.5,78.3,70.8,555.7,505.1,459.5,418.7,382.2,349.6,320.1,293.5,269.6,247.9,228.1,210.3,194,179.2,165.8,153.5,142.2,131.8,122.5,113.8,105.9,98.5,91.8,85.7,79.9,74.7,69.8,65.3,61.2
4673,4400,2897,2317,15610,14440,11560,9473,7767,7737.4,6240.1,5068.8,4153.6,3424.7,2835.4,2368.7,1985.8,1675.6,1422.3,1210.8,1036.4,890.6,768.1,665.5,578.5,504.9,441.7,387.8,349.6,301.4,266.9,236.8,210.7,187.8,167.9,150.3,134.8,121.1,109.1,98.4,89,80.5,73.1,66.4,60.4,464.2,423.8,387.7,355,325.5,299,275,253.1,233.3,215.3,199,184,170.4,157.9,146.4,136.1,126.4,117.6,109.4,102,95.2,88.8,83,77.6,72.6,68
5400,5000,3332,2678,2149,14140,13210,10690,8775,8744.9,7052.6,5728.8,4694.5,3870.7,3204.6,2677.1,2244.4,1893.8,1607.5,1368.5,1171.4,1006.5,868.1,752.1,653.8,570.7,499.2,438.3,395.2,340.6,301.6,267.6,238.1,212.2,189.8,169.9,152.4,136.9,123.3,111.2,100.6,91,82.6,75.1,68.3,62.2,56.8,427.8,391.8,359.3,330.1,303.6,279.5,257.7,237.8,219.8,203.3,188.2,174.4,161.8,150.4,139.7,130,121,112.7,105.3,98.2,91.8,85.8,80.3,75.3
5961,5200,3672,2939,2371,1924,12340,11660,9436,9830.8,7928.4,6440.2,5277.4,4351.3,3602.5,3009.5,2523.1,2129,1807.1,1538.5,1316.8,1131.5,975.9,845.5,735,641.6,561.2,492.7,444.2,382.9,339.1,300.8,267.7,238.6,213.4,191,171.3,153.9,138.7,125,113.1,102.3,92.9,84.4,76.8,69.9,63.8,58.4,53.4,49,362.8,333.7,307.2,283.3,261.5,241.7,223.6,207,191.9,178,165.4,153.7,143.1,133.1,124.1,115.9,108.1,101.1,94.5,88.4,82.9
7036,5800,4383,3468,2745,2268,1801,11510,10900,10997.1,8869,7204.2,5903.5,4867.5,4029.9,3366.6,2822.4,2381.5,2021.5,1721,1473.1,1265.7,1091.7,945.8,822.2,717.7,627.7,551.1,496.9,428.3,379.3,336.5,299.5,266.9,238.7,213.7,191.6,172.1,155.1,139.8,126.5,114.4,103.9,94.4,85.9,78.2,71.4,65.3,59.8,54.8,50.3,46.3,336.4,310.2,286.4,264.7,244.9,226.8,210.2,195,181.3,168.5,156.8,145.9,136,127,118.6,110.9,103.6,97,90.9
7825,6200,4880,3752,2883,2537,1968,1586,10370,12245.5,9875.8,8022.1,6573.7,5420.1,4487.4,3748.8,3142.9,2651.9,2251,1916.4,1640.3,1409.4,1215.6,1053.2,915.5,799.1,699,613.7,553.4,476.9,422.4,374.7,333.5,297.2,265.8,237.9,213.4,191.7,172.7,155.7,140.8,127.4,115.7,105.1,95.6,87.1,79.5,72.7,66.6,61,56,51.5,47.4,43.7,40.3,288.8,267.2,247.5,229.4,212.8,197.9,183.9,171.2,159.3,148.5,138.7,129.5,121.1,113.2,106,99.3
8882,6800,5399,4277,3424,2788,2237,1816,1520,11605.2,9359.4,8895,7289.1,6009.9,4975.7,4156.7,3484.9,2940.5,2495.9,2124.9,1818.8,1562.8,1347.9,1167.8,1015.2,886.1,775.1,680.5,613.6,528.8,468.4,415.5,369.7,329.5,294.7,263.8,236.6,212.5,191.5,172.6,156.1,141.3,128.3,116.6,106,96.6,88.2,80.6,73.8,67.7,62.1,57.1,52.6,48.4,44.7,41.3,38.2,269.2,249.5,231.5,215.3,200.1,186.3,173.4,161.6,151,140.9,131.8,123.2,115.3,108.2
9617,7400,5861,4667,3756,3043,2450,1989,1629,1982.7,10337,8396.7,8050.4,6637.7,5495.4,4590.9,3848.9,3247.6,2756.6,2346.8,2008.8,1726.1,1488.7,1289.8,1121.2,978.7,856,751.6,677.7,584.1,517.3,458.9,408.4,364,325.5,291.4,261.3,234.8,211.5,190.6,172.5,156.1,141.7,128.7,117.1,106.7,97.4,89,81.5,74.7,68.6,63.1,58.1,53.5,49.4,45.6,42.2,39,36.2,33.5,233.4,216.9,202,188,175.3,163.8,152.9,143,133.7,125.2,117.4
10640,8200,6545,5216,4182,3385,2737,2232,1828,2175.2,1772.3,9239.7,7571.5,7304.1,6047.2,5051.8,4235.3,3573.7,3033.4,2582.5,2210.4,1899.4,1638.1,1419.3,1233.8,1076.9,942,827,745.7,642.7,569.2,505,449.4,400.5,358.2,320.6,287.6,258.3,232.7,209.8,189.8,171.7,155.9,141.7,128.8,117.4,107.1,98,89.7,82.2,75.5,69.4,63.9,58.9,54.3,50.2,46.4,42.9,39.8,36.9,34.3,31.8,218.4,203.3,189.6,177.1,165.4,154.7,144.6,135.4,127
11880,9200,7325,5838,4681,3788,3067,2506,2057,2380.8,1939.8,1591.4,8303.1,6846,6631.5,5539.9,4644.5,3919,3326.5,2832,2424,2082.9,1796.4,1556.4,1353,1181,1033,906.9,817.8,704.8,624.2,553.8,492.8,439.2,392.8,351.6,315.4,283.3,255.2,230,208.1,188.3,171,155.4,141.3,128.7,117.5,107.5,98.4,90.2,82.8,76.1,70.1,64.6,59.6,55,50.9,47.1,43.6,40.4,37.6,34.9,32.5,30.2,28.1,191,178.3,166.8,155.9,146,137
12960,10200,8036,6415,5146,4161,3373,2759,2261,2600,2118.5,1737.9,1437.7,7483.5,6195.7,6055.8,5077,4283.9,3636.2,3095.7,2649.7,2276.8,1963.7,1701.4,1479,1290.9,1129.2,991.4,893.9,770.5,682.3,605.3,538.7,480.1,429.4,384.3,344.7,309.7,279,251.4,227.5,205.9,186.9,169.8,154.4,140.7,128.4,117.5,107.5,98.6,90.5,83.2,76.6,70.6,65.1,60.1,55.6,51.5,47.7,44.2,41.1,38.1,35.5,33,30.8,28.7,26.8,25,167.7,157.1,147.4
14360,11000,8955,7173,5774,4671,3784,3101,2556,2833.4,2308.6,1894,1566.8,1303.8,4846.6,5640.7,5533,4668.7,3962.8,3373.7,2887.7,2481.3,2140.1,1854.2,1611.8,1406.9,1230.6,1080.4,974.2,839.7,743.6,659.7,587,523.2,467.9,418.8,375.7,337.5,304.1,274,247.9,224.4,203.7,185.1,168.3,153.4,140,128,117.2,107.4,98.6,90.7,83.5,76.9,71,65.5,60.6,56.1,52,48.2,44.8,41.6,38.7,36,33.5,31.3,29.2,27.3,25.5,23.8,158.1
15880,12500,9973,7989,6415,5191,4212,3452,2837,3081.6,2510.8,2059.8,1704,1418,1184.6,4400.1,5139.2,5073.6,4306.5,3666.3,3138.2,2696.5,2325.7,2015,1751.6,1528.9,1337.3,1174.1,1058.7,912.5,808.1,716.9,638,568.6,508.5,455.2,408.3,366.7,330.4,297.8,269.4,243.8,221.3,201.1,182.9,166.7,152.1,139.1,127.4,116.7,107.2,98.6,90.7,83.6,77.1,71.2,65.9,61,56.5,52.4,48.7,45.2,42,39.1,36.4,34,31.7,29.6,27.7,25.9,24.3
17020,13700,10730,8627,6978,5672,4610,3776,3105,3345.1,2725.5,2236,1849.7,1539.2,1285.8,1083.4,3998.2,4700,3989.4,3973.7,3401.3,2922.6,2520.7,2183.9,1898.5,1657.1,1449.4,1272.6,1147.5,989,875.9,777,691.4,616.3,551.1,493.3,442.5,397.5,358.1,322.8,292,264.3,239.9,218,198.2,180.6,164.9,150.8,138,126.5,116.2,106.8,98.3,90.6,83.6,77.2,71.4,66.1,61.2,56.7,52.7,49,45.6,42.4,39.5,36.8,34.4,32.1,30,28.1,26.3
18140,14500,11590,9361,7594,6170,5025,4130,3403,3624.5,2953.2,2422.7,2004.2,1667.8,1393.2,1173.9,992.5,844.2,4313,3671.8,3677.2,3159.7,2725.1,2361.1,2052.5,1791.5,1567,1375.8,1240.5,1069.2,946.9,840.1,747.5,666.3,595.9,533.4,478.4,429.7,387.2,348.9,315.7,285.7,259.3,235.7,214.3,195.3,178.2,163,149.2,136.8,125.6,115.5,106.3,97.9,90.4,83.5,77.2,71.4,66.2,61.4,57,52.9,49.3,45.8,42.7,39.8,37.2,34.7,32.4,30.4,28.4
19840,15800,12770,10320,8371,6821,5565,4579,3778,3920.5,3194.4,2620.6,2167.9,1804,1507,1269.8,1073.5,913.2,781.2,3960.3,3389.8,3407.9,2939.2,2546.6,2213.7,1932.2,1690.1,1483.9,1338,1153.2,1021.3,906.1,806.3,718.6,642.7,575.3,516,463.5,417.6,376.4,340.5,308.1,279.7,254.2,231.2,210.6,192.2,175.8,161,147.5,135.5,124.6,114.6,105.6,97.5,90,83.2,77.1,71.4,66.2,61.5,57.1,53.1,49.4,46,43,40.1,37.5,35,32.7,30.7
21210,17500,13670,11090,9024,7390,6035,4968,4108,4233.6,3449.5,2829.9,2341,1948,1627.4,1371.2,1159.3,986.1,843.6,723.7,2618.4,3134.5,3163,2740.5,2382.2,2079.3,1818.8,1596.9,1439.9,1241,1099.1,975,867.6,773.3,691.6,619.1,555.3,498.8,449.4,405,366.4,331.6,301,273.5,248.8,226.7,206.9,189.2,173.2,158.8,145.8,134,123.3,113.7,104.9,96.9,89.6,82.9,76.8,71.2,66.2,61.4,57.2,53.2,49.5,46.2,43.1,40.3,37.7,35.2,33
21870,18000,15140,12280,9968,8169,6676,5499,4548,4564.5,3719.1,3051.1,2524,2100.3,1754.6,1478.4,1249.9,1063.2,909.5,780.3,672.8,2416.1,2903.1,2515.3,2558.2,2232.9,1953.1,1714.8,1546.2,1332.7,1180.3,1047.1,931.7,830.4,742.7,664.8,596.3,535.6,482.6,434.9,393.5,356.1,323.2,293.7,267.1,243.4,222.1,203.2,186,170.5,156.6,143.9,132.5,122.1,112.6,104,96.2,89,82.5,76.5,71.1,66,61.4,57.1,53.2,49.7,46.3,43.3,40.4,37.8,35.5
22150,19000,15840,12900,10540,8655,7087,5848,4847,4913.9,4003.7,3284.6,2717.2,2261,1888.9,1591.5,1345.5,1144.6,979.1,840,724.3,626.9,2203.3,2660.7,2313.9,2364.1,2068.7,1817,1638.9,1413.2,1252.1,1111.2,989.2,881.9,789,706.5,633.9,569.6,513.4,462.8,418.9,379.2,344.3,313,284.7,259.5,236.9,216.7,198.5,182,167.1,153.7,141.5,130.4,120.4,111.2,102.9,95.2,88.2,81.8,76,70.6,65.7,61.1,57,53.2,49.6,46.4,43.3,40.6,38
22040,20000,16480,13420,11010,9047,7448,6173,5113,5282.3,4303.9,3530.8,2920.9,2430.6,2030.5,1710.9,1446.4,1230.4,1052.6,903,778.6,673.9,585.3,2040.5,2472.4,2159,2210.5,1941.6,1751.3,1510.3,1338.1,1187.6,1057.2,942.6,843.3,755.1,677.6,608.9,548.8,494.8,447.8,405.3,368.1,334.6,304.4,277.5,253.3,231.7,212.2,194.6,178.7,164.4,151.3,139.5,128.7,118.9,110,101.8,94.4,87.5,81.3,75.5,70.3,65.4,60.9,56.9,53.1,49.6,46.4,43.4,40.7
20630,22000,16860,14670,12040,9897,8130,6739,5606,5670.5,4620.2,3790.3,3135.6,2609.2,2179.7,1836.6,1552.7,1320.8,1129.9,969.3,835.9,723.4,628.3,548.1,1891.8,2301.7,2014.3,2070.1,1867.3,1610.4,1426.9,1266.4,1127.4,1005.3,899.4,805.4,722.7,649.5,585.4,527.8,477.7,432.4,392.7,357,324.8,296,270.3,247.3,226.4,207.7,190.7,175.4,161.5,148.8,137.4,126.9,117.4,108.7,100.7,93.4,86.8,80.6,75.1,69.8,65.1,60.8,56.7,53,49.5,46.3,43.4
21550,22000,17600,15730,12940,10660,8779,7277,6041,6079,4953.1,4063.4,3361.5,2797.2,2336.8,1968.9,1664.6,1416,1211.3,1039.2,896.1,775.6,673.6,587.6,514.2,451.8,1538.2,1882.5,1986.8,1713.6,1518.4,1347.7,1199.8,1069.9,957.3,857.3,769.3,691.4,623.2,561.9,508.6,460.4,418.1,380.1,345.9,315.3,287.8,263.3,241.2,221.2,203.2,186.9,172,158.6,146.4,135.2,125.1,115.8,107.3,99.5,92.5,85.9,80,74.4,69.4,64.8,60.4,56.5,52.8,49.4,46.3
22340,22000,18640,15810,13830,11410,9400,7810,6515,6508.7,5303.2,4350.6,3599.1,2994.9,2501.9,2108.1,1782.3,1516.1,1296.9,1112.6,959.4,830.4,721.2,629.2,550.6,483.7,425.8,1434.7,1803.2,1819.7,1612.6,1431.4,1274.5,1136.5,1017,910.8,817.4,734.6,662.2,597.1,540.5,489.4,444.4,404.1,367.6,335.2,306,280,256.4,235.2,216,198.7,182.9,168.6,155.7,143.8,133,123.2,114.2,105.9,98.4,91.4,85.1,79.2,73.8,68.9,64.3,60.1,56.2,52.6,49.3
25180,22000,16460,16490,13760,12100,10010,8328,6928,6960.2,5671.1,4652.5,3848.8,3202.7,2675.5,2254.3,1905.9,1621.2,1386.9,1189.8,1026,888,771.3,672.8,588.8,517.3,455.3,402.3,1371.8,1648.6,1461,1517.5,1351.2,1205.1,1078.4,965.9,866.9,779.2,702.4,633.4,573.4,519.2,471.5,428.7,390.1,355.7,324.7,297.1,272.2,249.6,229.3,210.9,194.2,179,165.3,152.7,141.3,130.8,121.2,112.5,104.5,97.1,90.4,84.1,78.4,73.2,68.3,63.9,59.7,55.9,52.4
26580,22000,17190,15720,14290,12710,10440,8722,7282,7434.3,6057.3,4969.3,4110.9,3420.8,2857.7,2407.9,2035.7,1731.6,1481.4,1270.8,1095.9,948.5,823.8,718.6,628.9,552.5,486.3,429.7,389.3,1252,1546,1372.6,1430.1,1275.5,1141.5,1022.5,917.8,825,743.8,670.8,607.2,549.9,499.4,454.2,413.3,376.8,344.1,314.9,288.4,264.5,243,223.6,205.8,189.8,175.2,161.9,149.8,138.7,128.6,119.2,110.9,103,95.9,89.2,83.1,77.6,72.5,67.7,63.3,59.3,55.6
30610,23000,18420,14850,14890,12460,11070,9199,7703,7931.6,6462.5,5301.7,4385.9,3649.6,3048.9,2568.9,2171.9,1847.5,1580.4,1355.9,1169.2,1011.9,878.9,766.7,671,589.5,518.9,458.4,415.4,360.6,1172.3,1450.1,1291.4,1347.8,1206.4,1080.7,970.1,872.1,786.3,709.2,642.1,581.5,528.2,480.3,437.1,398.6,364,333.1,305.1,279.9,257.2,236.6,217.8,200.9,185.4,171.4,158.6,146.9,136.1,126.3,117.4,109.1,101.5,94.5,88.1,82.2,76.8,71.8,67.1,62.8,58.9
3942,25000,19360,15640,12750,12710,10850,9623,8057,8452.8,6887.3,5650.2,4674.1,3889.5,3249.2,2737.8,2314.6,1968.9,1684.3,1445,1246,1078.4,936.7,817.1,715.1,628.2,553,488.5,442.7,384.3,342.3,1097.9,977.9,1215.3,1272.8,1140.4,1023.8,920.4,830,748.7,677.9,613.9,557.7,507.2,461.7,421,384.5,351.9,322.4,295.7,271.7,250,230.2,212.3,196,181.2,167.6,155.3,143.9,133.5,124.1,115.3,107.4,99.9,93.1,87,81.2,75.9,71,66.4,62.3
4189,3500,21790,17030,13470,11030,11300,9509,8447,8998.8,7332.1,6015.1,4976.1,4140.7,3459.1,2914.6,2464.1,2096.1,1793.1,1538.3,1326.5,1148.1,997.2,869.9,761.2,668.8,588.7,520.1,471.3,409.1,364.4,325.1,290.9,918.9,1146.1,1027,1078.8,970,874.8,789.1,714.6,647.3,588.1,534.9,486.9,444,405.5,371.2,340.1,312,286.7,263.8,242.9,224.1,206.9,191.2,177,163.9,151.9,141,131.1,121.8,113.4,105.5,98.4,91.9,85.8,80.2,75,70.2,65.8
4341,3600,3140,22490,13900,11390,11430,9722,8659,9570.4,7797.8,6397.1,5292.1,4403.7,3678.8,3099.7,2620.6,2229.2,1907,1636,1410.7,1221,1060.5,925.1,809.6,711.2,626.1,553.1,501.2,435.1,387.5,345.8,309.4,277.3,865.5,1080.5,970.2,1020.8,920.7,830.7,752.3,681.5,619.2,563.3,512.7,467.7,427.2,391,358.3,328.8,302.1,278,256.1,236.2,218.1,201.6,186.6,172.8,160.2,148.7,138.2,128.5,119.6,111.3,103.8,96.9,90.5,84.6,79.1,74.1,69.5
4747,3800,3441,20350,15630,12420,10170,10710,8879,10168.1,8284.9,6796.7,5622.6,4678.7,3908.6,3293.3,2784.3,2368.4,2026.1,1738.2,1498.8,1297.2,1126.7,982.9,860.2,755.7,665.2,587.7,532.5,462.2,411.7,367.4,328.7,294.6,264.9,814.9,731.8,916.9,967.7,873.2,790.9,716.5,651.1,592.3,539.3,491.9,449.4,411.4,377,346,318,292.6,269.5,248.6,229.6,212.3,196.4,182,168.7,156.6,145.6,135.3,126,117.3,109.4,102.2,95.4,89.2,83.4,78.1,73.2
5088,4000,3704,3152,22760,13370,10790,8921,9310,9304.3,8794,7214.4,5968.2,4966.2,4148.8,3495.7,2955.4,2514,2150.6,1845,1591,1377,1196,1043.3,913,802.1,706.1,623.8,565.2,490.6,437,389.9,348.9,312.7,281.1,253,768,690.8,868.2,783.5,830.4,752.4,683.8,622.2,566.5,516.8,472.1,432.3,396.2,363.6,334.2,307.6,283.3,261.4,241.4,223.2,206.6,191.4,177.5,164.7,153.2,142.4,132.6,123.4,115.1,107.5,100.4,93.9,87.8,82.2,77.1
5344,4200,3926,3349,2854,15410,11500,9422,7838,9867,8039.5,7650.7,6329.1,5266.6,4399.7,3707.1,3134.1,2666,2280.7,1956.6,1687.2,1460.2,1268.3,1106.4,968.2,850.6,748.8,661.5,599.4,520.3,463.5,413.5,370,331.6,298.1,268.3,241.9,724.1,653.4,821.5,744.3,789.1,717.3,652.7,594.3,542.3,495.5,453.7,415.9,381.7,350.9,323,297.5,274.5,253.6,234.5,217,201.1,186.5,173.1,161,149.6,139.4,129.7,121,113,105.6,98.7,92.3,86.5,81.1
5442,4400,4045,3464,2962,2529,11600,9744,8103,8662.2,8518.1,6988,6705.9,5580.1,4661.6,3927.8,3320.7,2824.7,2416.4,2073,1787.6,1547.2,1343.8,1172.3,1025.9,901.2,793.3,700.9,635.1,551.3,491.1,438.1,392,351.3,315.9,284.3,256.3,231.4,209.5,617.6,779.6,706.5,751.5,683.9,622.8,568.3,519.4,475.6,436,400.2,368,338.7,312.1,288,266,246,227.7,211,195.7,181.7,169,157.1,146.3,136.2,127.1,118.7,110.9,103.7,97,90.8,85.2
5559,4600,4184,3604,3095,2649,12340,10160,8442,7919.8,7471.6,7397.7,7099,5907.2,4934.8,4158,3515.4,2990.3,2558.1,2194.6,1892.4,1637.9,1422.6,1241,1086,954.1,839.9,742,672.3,583.6,519.8,463.8,415,371.9,334.4,300.9,271.3,245,221.8,200.9,585.5,530.7,672.2,715.8,652,595,543.8,498.1,456.6,419.2,385.5,354.9,327,301.8,278.8,257.8,238.7,221.2,205.2,190.5,177.2,164.8,153.5,142.9,133.3,124.6,116.3,108.8,101.8,95.3,89.4
6233,5000,4618,3954,3379,2882,2455,11490,9385,8377,7902.9,7824.8,6473.1,6248.3,5219.8,4398.1,3718.3,3163,2705.8,2321.3,2001.7,1732.4,1504.7,1312.6,1148.7,1009.2,888.3,784.8,711.1,617.3,549.9,490.6,439,393.4,353.7,318.3,287,259.1,234.6,212.5,193.2,554.7,504.4,639.7,582.7,622.3,568.8,521,477.7,438.6,403.4,371.4,342.3,315.9,291.9,270,250,231.7,214.9,199.5,185.6,172.6,160.8,149.7,139.7,130.5,121.9,114.1,106.7,99.9,93.8
6601,5400,4877,4174,3567,3044,2592,2294,10050,8853.5,7213.7,6852.2,6841.3,5692.8,5516.7,4648.3,3929.8,3342.9,2859.7,2453.3,2115.5,1831,1590.3,1387.3,1214,1066.6,938.9,829.4,751.6,652.4,581.1,518.5,464,415.8,373.8,336.4,303.3,273.8,247.9,224.6,204.1,185.6,526.7,479.6,608.7,555.6,594.3,544.5,499.3,458.5,421.7,388.3,357.9,330.3,305.2,282.4,261.5,242.4,224.9,208.8,194.3,180.7,168.3,156.8,146.3,136.7,127.7,119.5,111.7,104.7,98.2
6842,5600,5039,4312,3687,3144,2679,2294,8683,9349.8,7618.1,6249.7,5986.3,6011.9,5825.9,4908.8,4150.1,3530.2,3020,2590.8,2234.1,1933.6,1679.5,1465.1,1282.1,1126.4,991.5,875.9,793.7,689,613.7,547.6,490,439.1,394.8,355.2,320.3,289.2,261.8,237.2,215.6,196,178.8,500.4,456,416.3,530.2,568.4,521.3,478.8,440.4,405.6,373.9,345.1,318.9,295.1,273.3,253.4,235.1,218.3,203.1,188.9,176,164,153,143,133.6,125,116.9,109.6,102.8
7217,6000,5265,4500,3849,3283,2796,2392,2048,9866.4,8039,6595,6317,6344.1,5299.8,5180,4379.4,3725.3,3186.8,2734,2357.5,2040.4,1772.2,1546,1352.9,1188.6,1046.3,924.3,837.6,727,647.6,577.8,517,463.3,416.6,374.9,338,305.2,276.3,250.3,227.5,206.9,188.6,172.2,475.4,434.1,396.9,506.7,464.8,499.5,459.5,423.2,390.2,360.2,333,308.1,285.4,264.6,245.5,228,212.2,197.4,183.9,171.3,159.9,149.5,139.6,130.7,122.3,114.6,107.5
7673,6400,5552,4730,4038,3446,2934,2508,2145,9458.5,8476.9,6954.2,5753,5542.8,5588.5,4708.8,4618,3928.2,3360.4,2882.9,2485.9,2151.6,1868.8,1630.2,1426.6,1253.3,1103.3,974.7,883.2,766.6,682.9,609.3,545.2,488.6,439.3,395.3,356.4,321.8,291.4,263.9,239.9,218.1,198.9,181.6,165.9,452.2,413.5,379,484.4,445,479,441.3,406.9,375.7,347.3,321.4,297.7,276.1,256.2,237.9,221.5,206,192,178.9,166.9,156.1,145.8,136.5,127.7,119.7,112.3
8061,6800,5835,4968,4235,3617,3080,2633,2252,3058.9,8932.2,7327.8,6062,5044.3,4879.2,4961.7,4866,4139.2,3541,3037.8,2619.5,2267.1,1969.2,1717.8,1503.3,1320.7,1162.5,1027,930.6,807.8,719.6,642,574.5,514.8,462.9,416.5,375.5,339.1,307,278.1,252.8,229.8,209.6,191.4,174.8,160,146.6,394.6,362.1,463.4,426.4,459.7,423.9,391.4,361.9,334.9,310.3,287.8,267.1,248.1,231,214.9,200.3,186.6,174.2,162.9,152.2,142.5,133.3,124.9,117.3
8042,6800,5875,5020,4286,3660,3120,2673,2291,3146.4,8550.9,7716,6383.2,5311.6,5137.7,5224.6,4417.1,4358.5,3728.6,3198.7,2758.3,2387.3,2073.5,1808.8,1582.9,1390.6,1224.1,1081.5,979.9,850.6,757.7,676,604.9,542.1,487.4,438.6,395.4,357,323.3,292.8,266.2,242,220.7,201.5,184.1,168.5,154.4,141.8,376.7,346.1,318.6,408.9,441.3,407.5,376.8,348.8,323.2,299.8,278.3,258.5,240.7,223.9,208.8,194.5,181.6,169.8,158.7,148.6,139,130.3,122.3
9099,7600,6539,5542,4698,3996,3393,2896,2474,3237.2,2717.7,8119.4,6716.8,5589.2,4669.2,4555.3,4648,3953.8,3923.5,3365.9,2902.5,2512.1,2181.9,1903.4,1665.7,1463.3,1288.1,1138,1031.2,895.1,797.3,711.4,636.5,570.4,512.9,461.5,416.1,375.7,340.2,308.1,280.1,254.7,232.2,212,193.7,177.3,162.5,149.2,137.2,359.9,331.3,305.3,392.3,362.4,392,362.9,336.3,312,289.7,269.1,250.6,233.2,217.4,202.6,189.1,176.9,165.3,154.8,144.9,135.8,127.5
9700,8500,6920,5863,4967,4220,3572,3040,2592,3331.2,2796.7,2361.7,7063.3,5877.5,4910.1,4790.2,4049.8,4157.7,3556.8,3539.5,3052.2,2641.6,2294.4,2001.6,1751.6,1538.8,1354.6,1196.7,1084.4,941.2,838.4,748.1,669.4,599.9,539.3,485.3,437.6,395.1,357.7,324,294.5,267.8,244.2,223,203.7,186.4,170.9,156.9,144.3,132.8,344.2,317.2,292.7,376.7,348.4,377.4,349.8,324.5,301.3,280,260.7,242.6,226.2,210.9,196.9,184.1,172.1,161.2,150.9,141.4,132.8
10300,8800,7308,6194,5260,4442,3758,3201,2728,3428.6,2878.5,2430.8,6748.4,6176.7,5160,4347.7,4256,4369.4,3737.8,3719.7,3207.5,2776.1,2411.2,2103.4,1840.7,1617.1,1423.5,1257.6,1139.6,989.2,881.1,786.1,703.5,630.4,566.8,510,459.9,415.2,375.9,340.5,309.5,281.4,256.7,234.3,214.1,195.9,179.6,164.9,151.6,139.6,128.7,329.4,303.9,280.8,259.8,335.1,363.4,337.2,313.2,291,271,252.3,235.3,219.3,204.8,191.6,179.1,167.7,157,147.2,138.2
11020,9200,7827,6617,5587,4726,3999,3404,2898,3529.5,2963.2,2502.3,2128.3,6487.1,5419.3,4566.2,3860.5,3802.3,3925.7,3367.8,3368.7,2915.6,2532.4,2209.2,1933.2,1698.4,1495.1,1320.8,1196.8,1038.9,925.4,825.7,738.8,662.1,595.3,535.7,483,436.1,394.8,357.6,325.1,295.6,269.6,246.1,224.8,205.8,188.6,173.2,159.2,146.6,135.2,124.8,315.4,291.5,269.7,249.7,322.6,299.3,325.3,302.3,281.6,262.1,244.5,227.9,212.8,199.1,186.2,174.4,163.3,153.1,143.8
11020,9400,8380,7088,5997,5064,4269,3626,3092,3634,3050.9,2576.4,2191.2,6190.4,5688.2,4792.8,4052,3990.9,3414.1,3534.9,3048.2,3060.3,2658.1,2318.8,2029.2,1782.7,1569.2,1386.3,1256.2,1090.4,971.3,866.6,775.5,694.9,624.8,562.2,506.9,457.7,414.4,375.4,341.2,310.3,282.9,258.3,236,216,197.9,181.8,167.2,153.9,141.9,130.9,121,302.3,279.7,259.1,240.2,310.7,288.5,313.8,292.3,272.2,253.9,236.7,221.1,206.8,193.4,181.2,169.7,159.1,149.4
11550,9600,8781,7427,6276,5314,4482,3799,3225,3742.1,3141.7,2653,2256.4,1928.7,5966.9,5027.6,4250.6,3615.7,3581.4,3072.4,3197.5,3210.2,2788.3,2432.4,2128.6,1870,1646.1,1454.3,1317.8,1143.8,1018.9,909.1,813.5,729,655.4,589.8,531.8,480.1,434.7,393.7,357.9,325.5,296.8,270.9,247.5,226.5,207.6,190.7,175.3,161.4,148.8,137.4,126.9,117.4,108.7,268.6,249.1,231.3,299.3,278.2,303.3,282.4,263.5,245.7,229.5,214.7,200.8,188.2,176.2,165.2,155.2
11720,10000,9020,7648,6484,5481,4624,3929,3348,3853.9,3235.5,2732.3,2323.8,1986.4,1703.6,5271,4456.3,3790.7,3754.7,3221.1,3352.3,2901.4,2923.2,2550.1,2231.6,1960.5,1725.8,1524.6,1381.5,1199.2,1068.2,953.1,852.8,764.3,687.2,618.3,557.5,503.4,455.8,412.8,375.3,341.2,311.2,284.1,259.5,237.5,217.7,200,183.8,169.2,156,144,133,123.1,114,105.7,258.2,239.7,222.7,207,268.8,250.3,273.2,254.8,238.1,222.8,208.4,195.2,182.9,171.5,161.1
12150,10400,9456,8005,6797,5738,4859,4142,3527,3969.6,3332.7,2814.3,2393.6,2046,1754.7,5021.2,4669.3,3971.9,3397.8,3375.1,2910.4,3040.1,2640.5,2672,2338.3,2054.2,1808.3,1597.5,1447.6,1256.5,1119.3,998.6,893.6,800.8,720,647.9,584.2,527.4,477.6,432.5,393.2,357.5,326,297.6,271.9,248.9,228.1,209.5,192.6,177.3,163.5,150.9,139.4,129,119.5,110.8,102.8,248.3,230.7,214.5,199.9,259.4,242.1,264.1,246.8,231,216.1,202.5,189.7,177.9,167.2
12610,11000,9927,8397,7142,6048,5128,4368,3712,4089.2,3433.1,2899.1,2465.7,2107.6,1807.6,1561.7,4889.9,4159.6,3558.3,3052.7,3047.9,2637.9,2765.3,2412.3,2448.8,2151.3,1893.7,1673,1516,1315.9,1172.2,1045.8,935.8,838.6,754,678.5,611.8,552.3,500.1,453,411.8,374.4,341.4,311.7,284.8,260.6,238.9,219.4,201.7,185.7,171.2,158,146,135.1,125.1,116,107.6,100,238.8,222.1,207,192.8,180,233.9,255.7,239.4,223.9,209.9,196.6,184.4,173.3
13020,11200,9737,8778,7461,6335,5358,4556,3883,4212.8,3536.9,2986.7,2540.3,2171.3,1862.2,1608.9,1394,4353.7,3724.4,3195.2,3190.1,2761.1,2398.2,2524.9,2563.1,2251.7,1982.1,1751.1,1586.7,1377.3,1226.9,1094.6,979.5,877.8,789.2,710.2,640.3,578.1,523.5,474.1,431,391.9,357.4,326.3,298,272.8,250,229.6,211.1,194.4,179.2,165.4,152.8,141.4,130.9,121.4,112.7,104.7,97.3,229.8,214.2,199.6,186.3,173.8,226.3,211.9,231.9,217.4,203.7,191.1,179.6
12140,11000,10010,9156,7724,6566,5568,4751,4059,4340.6,3644.1,3077.3,2617.3,2237.2,1918.7,1657.7,1436.3,4140.8,3896.3,3342.6,2882.3,2888.4,2508.8,2641.4,2311.5,2355.6,2073.6,1831.9,1659.9,1440.9,1283.5,1145.1,1024.7,918.3,825.6,742.9,669.9,604.8,547.6,496,450.9,410,373.9,341.3,311.8,285.4,261.6,240.2,220.9,203.3,187.5,173,159.9,147.9,137,127,117.9,109.5,101.8,94.7,221.6,206.5,192.8,179.8,168.1,219.3,205.2,225.1,210.9,197.9,186
12170,11000,10160,8786,7915,6767,5757,4920,4194,4472.6,3755,3170.9,2696.9,2305.2,1977.1,1708.1,1480,1289,4074,3495,3013.8,2608.4,2623.2,2288.4,2416.9,2123.3,2168.1,1915.4,1735.6,1506.6,1342,1197.4,1071.4,960.2,863.3,776.8,700.4,632.4,572.6,518.6,471.4,428.7,390.9,356.9,326,298.4,273.5,251.2,230.9,212.6,196,180.9,167.1,154.6,143.2,132.8,123.2,114.5,106.5,99.1,92.4,86.1,199.3,186,173.9,162.8,152.4,199,218.2,204.8,192.5
12740,11600,10650,9270,8400,7161,6109,5231,4463,4609,3869.5,3267.6,2779.1,2375.5,2037.4,1760.2,1525.1,1328.3,1162.6,3652.6,3149.7,2726,2741.5,2391.6,2092.9,2219,1953.4,2001.8,1813.9,1574.5,1402.5,1251.4,1119.7,1003.5,902.2,811.9,732,660.9,598.4,542,492.7,448,408.5,373,340.7,311.8,285.8,262.5,241.4,222.2,204.8,189.1,174.7,161.6,149.7,138.8,128.8,119.7,111.3,103.5,96.5,90,84,192.3,179.7,168.3,157.6,147.7,192.9,181.1,199.2
13320,12400,11150,9772,8403,7592,6452,5511,4705,4749.9,3987.7,3367.5,2864.1,2448.2,2099.6,1814,1571.7,1368.9,1198.1,3468.8,3290.1,2847.6,2473.3,2498.2,2186.2,1920.6,2040.5,1802.6,1894.8,1644.7,1465.1,1307.2,1169.6,1048.2,942.4,848.1,764.6,690.3,625.1,566.2,514.7,468,426.7,389.6,355.9,325.7,298.6,274.2,252.1,232.1,214,197.5,182.5,168.8,156.4,145,134.5,125,116.2,108.1,100.8,94,87.7,81.9,185.7,174,162.9,152.7,143.1,187.2,176
13690,12000,10520,10190,8789,7954,6762,5793,4967,4895.3,4109.9,3470.6,2951.8,2523.1,2164,1869.5,1619.8,1410.9,1234.8,1083.3,3435.2,2973.1,2582.3,2252.7,2282.6,2005.3,1765.2,1882.1,1705.4,1717.2,1529.7,1364.8,1221.2,1094.4,984,885.4,798.3,720.8,652.6,591.1,537.3,488.6,445.6,406.8,371.6,340.1,311.7,286.3,263.2,242.3,223.4,206.2,190.5,176.3,163.2,151.4,140.5,130.5,121.3,112.9,105.3,98.1,91.6,85.5,79.9,179.7,168.2,157.8,147.9,138.9,130.6
14320,12500,11130,10460,9292,7943,7184,6115,5232,5045.5,4236,3577.1,3042.4,2600.5,2230.3,1926.9,1669.5,1454.2,1272.7,1116.6,983.9,3102.8,2695,2351,2057.3,2092.7,1842.2,1964.2,1779.8,1792.1,1596.4,1424.3,1274.5,1142.1,1026.9,924.1,833.1,752.2,681.1,616.9,560.8,509.9,465,424.5,387.8,354.9,325.3,298.8,274.7,252.9,233.1,215.2,198.8,183.9,170.4,158,146.6,136.2,126.6,117.8,109.9,102.4,95.6,89.2,83.4,78.1,173.7,162.9,152.7,143.4,134.9
13710,12200,11030,9620,9330,8013,7304,6276,5457,5200.6,4366.1,3687,3135.9,2680.5,2298.9,1986.1,1720.8,1498.8,1311.8,1150.9,1014.1,2942.6,2811.2,2452.4,2146.1,2183,1921.7,1697.7,1538.3,1611.6,1665.2,1485.7,1329.4,1191.4,1071.2,963.9,869.1,784.7,710.5,643.5,585,531.9,485.1,442.8,404.5,370.3,339.4,311.7,286.6,263.8,243.2,224.5,207.4,191.9,177.7,164.8,152.9,142.1,132.1,122.9,114.6,106.8,99.7,93.1,87,81.5,76.3,71.5,157.7,148.1,139.3
13640,12200,11300,9878,9592,8292,7122,6466,5561,5360.6,4500.5,3800.5,3232.4,2762.9,2369.6,2047.2,1773.8,1545,1352.2,1186.3,1045.3,924,2664.9,2557,2237.7,1965.9,2003.7,1770.1,1604,1680.4,1496.8,1549.2,1386.2,1242.3,1116.9,1005.1,906.2,818.2,740.8,671,609.9,554.6,505.8,461.7,421.8,386.1,353.8,325,298.8,275,253.6,234.1,216.2,200.1,185.3,171.8,159.5,148.1,137.7,128.2,119.5,111.4,104,97,90.7,84.9,79.5,74.5,69.9,152.8,143.7
13430,12500,11550,10130,8810,8533,7380,6375,5573,5525.8,4639.1,3917.6,3331.9,2848.1,2442.6,2110.3,1828.4,1592.6,1393.8,1222.8,1077.5,952.5,844.5,2665,2332.2,2048.9,1803.6,1844.9,1671.7,1451.1,1560,1391.9,1444.7,1294.7,1164.1,1047.5,944.4,852.7,772.1,699.3,635.7,578,527.1,481.2,439.6,402.4,368.8,338.7,311.4,286.7,264.3,244,225.4,208.5,193.1,179.1,166.2,154.4,143.6,133.6,124.5,116.1,108.4,101.1,94.5,88.5,82.9,77.7,72.8,68.3,148.3
13010,12500,12140,10620,9259,8958,7738,6683,6061,5696.2,4782.2,4038.4,3434.7,2935.9,2518,2175.4,1884.8,1641.7,1436.8,1260.5,1110.8,981.9,870.6,2524.1,2429.6,2134.5,1879,1659.9,1741.6,1511.7,1346.6,1450,1297.5,1348.8,1212.7,1091.3,983.9,888.3,804.4,728.5,662.3,602.2,549.1,501.3,458,419.2,384.2,352.9,324.4,298.6,275.3,254.2,234.8,217.2,201.2,186.5,173.1,160.9,149.6,139.1,129.7,120.9,112.9,105.4,98.5,92.2,86.3,80.9,75.8,71.2,66.9
13130,12500,12240,11180,9781,8445,8187,7072,6098,5872,4929.8,4163,3540.7,3026.5,2595.7,2242.5,1943,1692.3,1481.1,1299.5,1145.1,1012.2,897.4,798.7,2300.3,2222.8,1956.7,1728.6,1566.4,1574.3,1402.3,1251.2,1351.2,1210.9,1262.9,1136.4,1024.6,925.1,837.6,758.7,689.7,627.1,571.9,522.1,476.9,436.5,400.1,367.5,337.8,311,286.7,264.7,244.5,226.2,209.5,194.3,180.3,167.5,155.7,144.9,135.1,125.9,117.6,109.7,102.6,96,89.9,84.3,79,74.1,69.7
12470,12200,11790,11120,9748,8454,8316,7059,6091,6053.3,5082,4291.6,3650,3120,2675.8,2311.8,2003,1744.6,1526.9,1339.6,1180.4,1043.4,925.2,823.3,734.7,2103.6,2036.8,1799.4,1630.5,1638.7,1459.7,1302.4,1165.4,1260.5,1133.3,1182.9,1066.6,963,871.9,789.7,717.9,652.8,595.3,543.4,496.5,454.4,416.5,382.5,351.7,323.7,298.5,275.5,254.5,235.5,218.1,202.2,187.7,174.4,162.1,150.8,140.6,131.1,122.4,114.2,106.8,100,93.6,87.7,82.2,77.2,72.5
12160,11600,10980,11550,10110,8787,7582,7350,6361,6240.3,5239,4424.2,3762.8,3216.3,2758.5,2383.2,2064.9,1798.5,1574.1,1381,1216.9,1075.7,953.7,848.8,757.4,678.1,1926.8,1872.3,1696.6,1472.7,1518.9,1355.2,1212.6,1086.7,1179.2,1061.1,1109.8,1002,907.3,821.7,747,679.2,619.4,565.5,516.6,472.8,433.4,398,365.9,336.8,310.6,286.7,264.8,245,226.9,210.4,195.3,181.4,168.7,156.9,146.3,136.4,127.3,118.8,111.1,104,97.4,91.3,85.5,80.3,75.5
11380,11200,11040,10820,10330,8999,7779,6728,6567,6433.2,5401,4560.9,3879.1,3315.8,2843.7,2456.8,2128.7,1854.1,1622.7,1423.6,1254.5,1108.9,983.2,875,780.8,699.1,2004.1,1947.4,1764.7,1531.8,1364.4,1409.6,1261.3,1130.3,1016.3,1103.7,1154.3,1042.2,943.7,854.7,777,706.5,644.3,588.2,537.3,491.8,450.7,414,380.6,350.4,323,298.2,275.5,254.9,236,218.9,203.1,188.7,175.5,163.2,152.2,141.9,132.4,123.6,115.5,108.2,101.3,94.9,89,83.5,78.5
10530,10700,10970,9886,10420,9119,7910,6870,6674,6632,5567.9,4701.9,3999,3418.2,2931.6,2532.8,2194.5,1911.4,1672.9,1467.6,1293.3,1143.2,1013.6,902,804.9,720.7,646.3,1840.9,1834.8,1592.6,1418.7,1465.6,1311.4,1175.2,1056.7,950.8,1034.7,1083.6,981.2,888.7,807.8,734.5,669.9,611.5,558.7,511.3,468.7,430.5,395.7,364.3,335.9,310,286.4,265,245.4,227.5,211.2,196.2,182.4,169.7,158.3,147.5,137.7,128.5,120.1,112.5,105.3,98.7,92.5,86.8,81.6
9334,10000,10670,9643,9980,8978,7886,6868,5960,6837,5740,4847.2,4122.6,3523.9,3022.3,2611.1,2262.3,1970.5,1724.6,1513,1333.2,1178.5,1044.9,929.9,829.8,742.9,666.3,599.4,1733.7,1655.3,1474.5,1315.6,1363,1221.5,1098.2,988.2,1075.4,970.9,1019.8,923.7,839.6,763.4,696.2,635.6,580.6,531.4,487.1,447.4,411.3,378.6,349.1,322.2,297.7,275.4,255.1,236.5,219.5,203.9,189.6,176.4,164.5,153.3,143.1,133.6,124.9,116.9,109.4,102.6,96.2,90.2,84.8
6925,8500,11180,10270,9112,9219,8399,7325,6350,7048.3,5917.4,4997,4250,3632.8,3115.7,2691.8,2332.3,2031.4,1777.9,1559.8,1374.4,1215,1077.2,958.7,855.5,765.9,686.9,617.9,568,1563.5,1531.9,1366.8,1223,1269.1,1141,1026.8,925.7,1008.7,913.4,959.6,872.3,793.2,723.3,660.4,603.3,552.1,506.1,464.8,427.3,393.4,362.7,334.8,309.3,286.1,265,245.7,228.1,211.9,197,183.3,170.9,159.3,148.7,138.8,129.7,121.5,113.7,106.6,99.9,93.8,88.1
5784,8000,11120,10160,9094,8904,8420,7359,6396,7266.1,6100.3,5151.5,4381.4,3745.1,3211.9,2774.9,2404.3,2094.1,1832.8,1608,1416.9,1252.5,1110.5,988.3,881.9,789.6,708.1,637,585.6,1623.9,1591.1,1419.6,1270.3,1138.4,1185.1,1066.4,961.5,868.1,948.6,859.2,906,823.8,751.3,685.8,626.6,573.5,525.6,482.8,443.8,408.6,376.7,347.7,321.2,297.2,275.3,255.2,236.9,220.1,204.6,190.4,177.5,165.4,154.4,144.1,134.7,126.2,118.1,110.7,103.8,97.4,91.5
5087,7500,10670,10490,9445,8282,8658,7703,6725,7490.6,6288.7,5310.6,4516.7,3860.8,3311.2,2860.7,2478.6,2158.8,1889.4,1657.7,1460.7,1291.2,1144.8,1018.8,909.1,814,730,656.7,603.7,535,1501.8,1473.9,1318.8,1181.9,1230.4,1107.2,998.2,901.3,816.1,892.1,810.9,855.3,780,712.1,650.5,595.4,545.7,501.2,460.8,424.2,391.1,361,333.5,308.6,285.8,265,245.9,228.5,212.4,197.6,184.3,171.7,160.4,149.6,139.9,131,122.6,115,107.7,101.1,95
3236,6000,9278,10790,9931,8708,8398,8070,7035,7721.9,6482.9,5474.6,4656.2,3980,3413.4,2949,2555.1,2225.5,1947.8,1708.8,1505.8,1331.1,1180.2,1050.3,937.2,839.1,752.5,677,622.3,551.5,499.6,1390.7,1368.8,1226.7,1102.9,1149.1,1036.1,935.4,847,767.1,841.6,765.3,809.5,739,675.2,617.9,566.4,520.2,478.3,440.3,405.9,374.7,346.1,320.2,296.6,275,255.2,237.1,220.5,205.1,191.3,178.3,166.4,155.3,145.2,136,127.3,119.3,111.8,104.9,98.6
3000,6000,9000,11000,10000,9000,8000,8000,7200,7960.2,6683,5643.5,4799.9,4102.8,3518.8,3040,2634,2294.2,2007.9,1761.6,1552.3,1372.1,1216.6,1082.7,966.1,865,775.8,697.9,641.5,568.5,515,1442.9,1420.2,1272.7,1144.3,1029.7,1074.9,970.5,878.8,795.9,723.5,794,724.1,766.8,700.5,641.1,587.6,539.7,496.2,456.8,421.1,388.7,359.1,332.3,307.7,285.3,264.8,246,228.7,212.8,198.5,184.9,172.7,161.1,150.6,141.1,132,123.8,116,108.9,102.3
